Talent,Capital,x.pos,y.pos,Lucky,Unlucky,Size
0.48429759098449376,1280,0.6892350168877851,0.3751505692860121,7,0,14.819000116288723
0.6805623795160869,640,0.6212223022376924,0.23050500552832562,6,0,14.527879537180944
0.686310389971792,640,0.9347330504815229,0.9647066769472773,6,0,14.527879537180944
0.6247545982486683,320,0.27833997710163133,0.10028120936867574,5,0,13.590703399607946
0.8145672143737173,320,0.9677154661228056,0.8601112373217255,5,0,13.590703399607946
0.6338904098676956,320,0.6256151082890747,0.7824018400264394,9,4,13.590703399607946
0.5698444858795982,320,0.33871607974505247,0.5477824664955023,5,0,13.590703399607946
0.593822015560855,320,0.40854260470690346,0.5068388505820277,5,0,13.590703399607946
0.5592117012432042,320,0.7815996561922244,0.3048982150361535,5,0,13.590703399607946
0.6900395149052306,320,0.7614300977427105,0.32222818037545986,5,0,13.590703399607946
0.6577434248471149,2560,0.8661801903103177,0.5666552928568267,8,0,14.672061527399318
0.7544147649831646,2560,0.5515194422315195,0.9439298427126264,8,0,14.672061527399318
0.7726548082007904,1280,0.6186125036143694,0.5387655597212562,7,0,14.386391104178115
0.5933568019628598,1280,0.23952853150980835,0.06175191004978335,8,1,14.386391104178115
0.4702600749799085,640,0.7102771067183317,0.7647207224584041,6,0,13.224607976590615
0.7674722926827527,640,0.6296798310228693,0.5388978507383657,9,3,13.224607976590615
0.8729840393861166,640,0.3976807396578607,0.7493546610380712,6,0,13.224607976590615
0.5761273235667796,640,0.6439277076785597,0.5744125272659353,7,1,13.224607976590615
0.6561548472716575,640,0.8631598470855356,0.022414772851225825,7,1,13.224607976590615
0.6069364259831768,640,0.407444193195876,0.06742781329093807,6,0,13.224607976590615
0.8819701156417608,640,0.4119956970170826,0.5240362261581832,6,0,14.819000116288723
0.7394205429160964,320,0.8256827714338676,0.8357771187151936,5,0,13.590703399607946
0.7023166564987412,320,0.2060879784409161,0.3687846507455468,5,0,13.590703399607946
0.4734106619805967,320,0.11360944128613827,0.0952902166960548,5,0,13.590703399607946
0.7159755712706546,320,0.5168605712254009,0.3772857383632597,6,1,13.590703399607946
0.6064850012684085,320,0.92193251587242,0.8245794460575898,5,0,13.590703399607946
0.4977732466932705,320,0.22480077973326013,0.6601028688117603,5,0,13.590703399607946
0.46907600779271275,320,0.12217688026133722,0.06194248213201057,5,0,13.590703399607946
0.6953877856508699,320,0.7500567241474542,0.017927074130735736,7,2,13.590703399607946
0.6817303545297912,320,0.5068398994203676,0.4347444856388782,6,1,13.590703399607946
0.8141991498957745,2560,0.3155265551915309,0.6891979855179453,8,0,14.819000116288723
0.7630520105399936,640,0.3099369231683309,0.13620999862268493,7,1,14.386391104178115
0.7328642112025043,640,0.38079482411840626,0.5924868123740218,6,0,14.386391104178115
0.6198474048894215,640,0.39583767851263246,0.4017162060258512,7,1,14.386391104178115
0.605542952815835,320,0.8277363839943833,0.802498910146353,5,0,12.877859845830088
0.5139733806016014,320,0.3448737407142565,0.9089812659600573,6,1,12.877859845830088
0.6921129991617946,320,0.666983863101364,0.12403561035982005,5,0,12.877859845830088
0.8227292318746511,320,0.04492471216881268,0.5948847825349359,7,2,12.877859845830088
0.697269937864063,320,0.9870056395513928,0.4157095803295387,6,1,12.877859845830088
0.6692441777681796,320,0.24186109334568667,0.18482710738708058,5,0,12.877859845830088
0.6079364370251273,1280,0.8087637202098354,0.8617184327044223,7,0,14.672061527399318
0.6230070050774866,1280,0.2519127464521936,0.352736521223838,7,0,14.672061527399318
0.6034434265354717,640,0.17931819903381652,0.16280551411591435,7,1,13.977482015429421
0.5543456818631884,640,0.4154814921066962,0.1726392193069561,6,0,13.977482015429421
0.6241440854607936,640,0.7141321459217507,0.847762400042312,6,0,13.977482015429421
0.8155679137074747,640,0.8892891557808428,0.7239985642653534,7,1,13.977482015429421
0.5587946150721124,640,0.6136861378245927,0.6573519857567898,6,0,13.977482015429421
0.5894457572786251,320,0.7053318397091025,0.8490967480836445,8,3,13.34442629541393
0.6855071312730401,320,0.3908359300604655,0.2555014489494283,5,0,13.34442629541393
0.5773226944824279,320,0.9854993352710515,0.9585562824683996,5,0,13.34442629541393
0.640867135530329,10240,0.32306346139842784,0.7379438612026288,10,0,14.819000116288723
0.817702835603972,5120,0.30197546933082614,0.21500673538435308,9,0,14.672061527399318
0.7095297427603218,2560,0.7668531057749185,0.7275607781774314,9,1,14.527879537180944
0.7352628993864839,1280,0.03275134116388042,0.8113933218230692,7,0,14.247534893339692
0.7219745943844837,1280,0.3203419024803541,0.24208575774526309,7,0,14.247534893339692
0.7459034059581405,320,0.528948950134125,0.7359571264933943,5,0,13.84617074474516
0.7049293973393478,320,0.8797237443591732,0.09504670916653392,5,0,13.84617074474516
0.6148257946477493,320,0.12977432126795585,0.677961478410613,6,1,13.84617074474516
0.6365777943566349,160,0.464058101649827,0.053630882950583054,4,0,12.443505041314012
0.5784161184264377,160,0.73921149482705,0.06972180853426384,4,0,12.443505041314012
0.6352958844584835,5120,0.3283668186443751,0.9878665638649697,9,0,14.819000116288723
0.5605211108513869,1280,0.9908791970906418,0.8088811490724133,8,1,14.527879537180944
0.5382832882796121,1280,0.7713355792058512,0.006305237187174571,7,0,14.527879537180944
0.6053396133373766,640,0.918369003244912,0.022261225684448632,6,0,14.11125122329241
0.5613250737014,640,0.5516930312006294,0.8824306525039807,6,0,14.11125122329241
0.6472219627542247,640,0.06861868670177809,0.6410921948952647,7,1,14.11125122329241
0.5905262876197831,320,0.9103127182855164,0.032942689155965155,5,0,12.991371036766388
0.6809602389687163,320,0.5343431503806189,0.9550321270961927,5,0,12.991371036766388
0.5833075672836667,320,0.13211232507647716,0.03864104837174551,7,2,12.991371036766388
0.6929228355812564,320,0.2673683613781998,0.8905337227992621,5,0,12.991371036766388
0.6763203193382383,10240,0.7498352581285292,0.9781991435789424,10,0,14.819000116288723
0.7021875100058427,2560,0.9179067043494896,0.3692817676161411,8,0,14.672061527399318
0.7359218283696003,1280,0.3130535755702642,0.566659452941556,7,0,14.386391104178115
0.6812935327473273,1280,0.3612869830792816,0.7032986133387173,8,1,14.386391104178115
0.6143825231372884,640,0.22223223295915337,0.4875900474868122,6,0,14.11125122329241
0.6731688186546972,640,0.6256969780742251,0.8333506337517586,6,0,14.11125122329241
0.6440893292947701,320,0.7688851622871554,0.5640217300923773,5,0,13.34442629541393
0.6870726948688962,320,0.08028962887332437,0.18383570274324226,6,1,13.34442629541393
0.647783703789941,320,0.9782037524742756,0.18087164294994,5,0,13.34442629541393
0.6409802553550662,320,0.5308020642219546,0.6944132325058775,5,0,13.34442629541393
0.5902373172687887,1280,0.4868634392551392,0.964169760234654,7,0,14.672061527399318
0.5502603251408603,1280,0.7971621237716068,0.24813763426260013,7,0,14.672061527399318
0.5337009240348833,640,0.23562391798257531,0.8467576769956698,7,1,13.977482015429421
0.793437250705521,640,0.18200117430130752,0.2127711645858038,6,0,13.977482015429421
0.7022606843483326,640,0.1168641978052366,0.5421673398631722,6,0,13.977482015429421
0.6509990590616047,640,0.582346300069771,0.4896597690516573,7,1,13.977482015429421
0.6267832836357717,640,0.4826803347142182,0.649342460085207,7,1,13.977482015429421
0.7063016690253934,320,0.6173891964338405,0.7273216361205432,5,0,13.466441623818252
0.596279617288956,320,0.7311874216524374,0.18325318000395205,5,0,13.466441623818252
0.7774013086989541,320,0.0780296902176901,0.27742987748383735,6,1,13.466441623818252
0.6717349935190963,1280,0.5759652708807673,0.062111647308465856,8,1,14.672061527399318
0.7221440578778177,1280,0.4178341395425522,0.15740421012192224,7,0,14.672061527399318
0.6471954666946999,640,0.30456985072209614,0.08652113912631736,6,0,14.527879537180944
0.6344555654544625,320,0.7363841662100002,0.8529763517725231,6,1,13.224607976590615
0.6936954097021362,320,0.7657605813589151,0.8440651602959678,5,0,13.224607976590615
0.6499644341799766,320,0.8996522629306888,0.1531854220260565,5,0,13.224607976590615
0.6200974103842937,320,0.5627280237299126,0.0947836923218374,5,0,13.224607976590615
0.5549201317593837,320,0.014433121845005684,0.09603015116800495,5,0,13.224607976590615
0.7901889207156275,320,0.29983140933165203,0.8396107597723697,5,0,13.224607976590615
0.6327813833403386,320,0.9939725353146223,0.8303022475864515,5,0,13.224607976590615
0.6387939548824537,1280,0.5027069786820673,0.009004379779017017,7,0,14.819000116288723
0.6074369892366832,640,0.9149521221360424,0.6615688986219095,6,0,14.11125122329241
0.7641573177639792,640,0.6253732205808756,0.10164707235120868,7,1,14.11125122329241
0.5875685885662175,640,0.4957161362106861,0.4220005610994809,9,3,14.11125122329241
0.6296805305168495,640,0.841265710954559,0.011242379502750081,10,4,14.11125122329241
0.6894857879120152,640,0.00798074306517061,0.5056491793012848,6,0,14.11125122329241
0.705398299109472,320,0.7824575455595197,0.4439933166181233,5,0,13.224607976590615
0.6603613303828129,320,0.687891431923131,0.014968845648088711,5,0,13.224607976590615
0.6628632943281503,320,0.12060848636487824,0.6744119489880566,6,1,13.224607976590615
0.5344581934556394,320,0.3165837708682248,0.9234782666169497,10,5,13.224607976590615
0.7171234772789928,5120,0.007673085125079795,0.809310096291714,9,0,14.819000116288723
0.6202129210287266,2560,0.5254480469316263,0.9783811829578761,8,0,14.672061527399318
0.7046888507676423,640,0.7516549965667895,0.47941878656347037,8,2,14.247534893339692
0.7788642793713023,640,0.6355440249499767,0.2865735682976242,7,1,14.247534893339692
0.69136519602502,640,0.29166501939797135,0.3571812390101916,6,0,14.247534893339692
0.6919606715286484,320,0.6192922520541599,0.29944816195818397,5,0,13.466441623818252
0.7151729308743573,320,0.5338219708533707,0.9854465830823249,5,0,13.466441623818252
0.4833930025473332,320,0.7802141914584336,0.828688791445665,6,1,13.466441623818252
0.7513604024679637,320,0.04457662854139781,0.5001285345622556,5,0,13.466441623818252
0.6923881384856794,320,0.9236109942274252,0.4016453605689646,6,1,13.466441623818252
0.6719140667488309,1280,0.4552105370867275,0.46751544694184555,7,0,14.819000116288723
0.6876200630525386,640,0.7791466300864588,0.24217744880652436,7,1,14.247534893339692
0.5323674829977321,640,0.47138532432634844,0.9105565612127922,6,0,14.247534893339692
0.4791882057045529,640,0.9690262309764396,0.14225146052107884,6,0,14.247534893339692
0.8119174671564631,640,0.4556044390441303,0.35295850244137594,6,0,14.247534893339692
0.5819041996191621,320,0.26134474033522254,0.7760504558497104,5,0,13.590703399607946
0.7799699832905747,320,0.9940098965498827,0.3312451037467082,5,0,13.590703399607946
0.6851148559046489,320,0.8899343183729798,0.40247460489337383,5,0,13.590703399607946
0.7078835691604077,320,0.6610193870896798,0.4146625139502651,5,0,13.590703399607946
0.6989694264198584,320,0.9622468140291337,0.8342664132325618,5,0,13.590703399607946
0.63165745704344,2560,0.045819918051667845,0.4736240939665771,13,5,14.819000116288723
0.6081763650487708,1280,0.791116317377347,0.18308171153239983,7,0,14.672061527399318
0.7480225612866516,320,0.35371071062704074,0.9891673991009501,5,0,13.466441623818252
0.6345447992327997,320,0.40609484676628455,0.272174213798624,5,0,13.466441623818252
0.6132015467685128,320,0.311686062338572,0.6008777018898255,5,0,13.466441623818252
0.7043165658919986,320,0.9345669612828271,0.5762950231191419,5,0,13.466441623818252
0.9233032918305494,320,0.754174889689682,0.6266159547831104,5,0,13.466441623818252
0.6548394737098444,320,0.5487793423872516,0.9761447265248431,5,0,13.466441623818252
0.5729943529643056,320,0.7763134468768478,0.05891849240751483,5,0,13.466441623818252
0.6222655312879779,320,0.7963835630039986,0.7215902742267174,5,0,13.466441623818252
0.5748049346928055,1280,0.6661105385219298,0.10219967507511675,8,1,14.527879537180944
0.5914559949020631,1280,0.9067629756375832,0.5491317156482192,7,0,14.527879537180944
0.5062678337704509,1280,0.5021558427182374,0.9207314698822537,7,0,14.527879537180944
0.8124200253662388,640,0.5812044027991203,0.10313240585811623,6,0,13.84617074474516
0.5183002154639397,640,0.03975058955589856,0.7740250107072368,6,0,13.84617074474516
0.8025763298500453,640,0.08506599003425916,0.07613503706029881,6,0,13.84617074474516
0.6352285622670515,640,0.40280077171822387,0.183137268845029,6,0,13.84617074474516
0.6364068135564755,640,0.49850183378311974,0.9023520516530513,6,0,13.84617074474516
0.5489049196161592,320,0.7248238234650992,0.04593316746634705,5,0,12.038689331920716
0.6985637813863577,320,0.2520123635041087,0.9937155821386132,6,1,12.038689331920716
0.6737279227068889,10240,0.5921912951411132,0.048654860543522666,10,0,14.819000116288723
0.7555030083926366,1280,0.1481506937167223,0.9359874415422201,7,0,14.527879537180944
0.803244162374189,1280,0.1703589368757528,0.3640398271161766,8,1,14.527879537180944
0.7941179277446639,640,0.6481943297181372,0.1801471093435545,6,0,14.11125122329241
0.6449606981221165,640,0.2673033421606622,0.5499591428313905,6,0,14.11125122329241
0.7423435831689134,640,0.7363051100777676,0.12059607272921363,7,1,14.11125122329241
0.542708464501403,320,0.3625372377981835,0.49644353349151005,5,0,13.106938521330846
0.6325382944686546,320,0.6567060401088637,0.17989020526701058,5,0,13.106938521330846
0.5623381390746149,320,0.5154142127817135,0.27345500861535504,5,0,13.106938521330846
0.5756725364155175,320,0.3221112563383687,0.6300503565635607,5,0,13.106938521330846
0.8069830350275343,2560,0.35496379974511316,0.6851466989795683,8,0,14.819000116288723
0.6758020786998564,640,0.35477903177289855,0.6853401471839856,6,0,14.527879537180944
0.6607928837742862,640,0.1026194828784844,0.19505251381912303,6,0,14.527879537180944
0.7328116909398517,320,0.8920331054381025,0.7469079284233723,5,0,13.977482015429421
0.4762489978797565,320,0.22288340113046975,0.04147902557936808,5,0,13.977482015429421
0.7332812009362105,320,0.265560742900869,0.9440035947195408,6,1,13.977482015429421
0.7627619724668431,320,0.4825802043078013,0.28797205176612184,5,0,13.977482015429421
0.5667771467148381,160,0.43689045337126103,0.47058892293383753,5,1,11.481640005477301
0.6997166926124199,160,0.8729369154672569,0.9889758879050093,4,0,11.481640005477301
0.8385494170470484,160,0.9050360024554553,0.7283546768803039,5,1,11.481640005477301
0.5636043590999379,2560,0.7258143436270234,0.20424751472654776,8,0,14.672061527399318
0.6899354332609888,2560,0.20037578377960744,0.5656201548814144,8,0,14.672061527399318
0.601492284196752,640,0.014954569690457699,0.7355642023760436,6,0,14.247534893339692
0.6628933196597475,640,0.813486326215974,0.8233356593287925,6,0,14.247534893339692
0.5890753077305825,640,0.9918428983409606,0.24208114631427685,6,0,14.247534893339692
0.5459708652521733,320,0.7883460995062389,0.638661906221622,7,2,12.991371036766388
0.6252204019440198,320,0.20539917218712025,0.5066313520931078,10,5,12.991371036766388
0.6768076713007495,320,0.7061680386385033,0.8926028362683841,5,0,12.991371036766388
0.6172063801658457,320,0.10967917709185081,0.6336777752568825,5,0,12.991371036766388
0.48874382107875,320,0.6804192443436188,0.9187088962516919,5,0,12.991371036766388
0.638473044622076,20480,0.3005581388136474,0.4404036648645626,11,0,14.819000116288723
0.7678290560214182,5120,0.42835240630405164,0.6360008166373166,9,0,14.672061527399318
0.717411409781697,1280,0.7939300539715688,0.34329217179465243,7,0,14.527879537180944
0.7442963100876173,640,0.5379780764513143,0.43144518484023225,9,3,13.977482015429421
0.8052405836075185,640,0.28088971532288176,0.4404130705240743,6,0,13.977482015429421
0.5672975881215242,640,0.42861514975923803,0.6585132402034282,6,0,13.977482015429421
0.6428807888488378,640,0.3712604631523866,0.16702865961642557,6,0,13.977482015429421
0.740346685573734,320,0.8238255846260848,0.5495563036187631,6,1,12.766360451150243
0.5333197710189604,320,0.9378017854937051,0.9212849183617373,5,0,12.766360451150243
0.5556679406514908,320,0.7002205558825488,0.4137238338334829,6,1,12.766360451150243
0.6634100219906264,2560,0.2992925081246843,0.25685346058097236,8,0,14.819000116288723
0.8550935448766235,640,0.24984047886109287,0.40810093288865884,7,1,14.247534893339692
0.746708621744742,640,0.129971383700138,0.023742982076332714,6,0,14.247534893339692
0.623024057322624,640,0.31066220940266787,0.6423326921904117,6,0,14.247534893339692
0.7480046233146582,640,0.08872042357601893,0.025930289483735734,6,0,14.247534893339692
0.7656369574686956,320,0.6133091887829835,0.4353903476102509,5,0,13.717262392350877
0.5248262931681762,320,0.9248960355716058,0.022375668469695978,6,1,13.717262392350877
0.5772906319657743,320,0.9121651643440035,0.3822270423771619,5,0,13.717262392350877
0.6344759777908688,320,0.2118245679294385,0.9876979210330591,5,0,13.717262392350877
0.6317775273507165,160,0.17788237415425553,0.986321882013491,4,0,12.237561289171703
0.8258833528445052,20480,0.9768809891405483,0.7782383826480187,11,0,14.819000116288723
0.6230745198665639,10240,0.7560339973699672,0.2450717255816012,10,0,14.672061527399318
0.663351242495323,640,0.5937263793149843,0.6396690812448401,6,0,14.247534893339692
0.4831593670102021,640,0.4550409772704397,0.009459909402640231,6,0,14.247534893339692
0.8060709047378235,640,0.7815130528037099,0.6949321933366377,6,0,14.247534893339692
0.8285456638617398,320,0.26228337849847116,0.20076038496133256,5,0,13.224607976590615
0.7019616457642792,320,0.8869502573477948,0.8591850621241205,5,0,13.224607976590615
0.5680387191047694,320,0.005671402971162948,0.8933963504740366,5,0,13.224607976590615
0.6522977061861017,320,0.913470107338053,0.4308029234963029,5,0,13.224607976590615
0.6126765491914858,320,0.42653849710182135,0.18438031654619608,5,0,13.224607976590615
0.8044973401919738,1280,0.7502887760571654,0.5732405228025989,7,0,14.819000116288723
0.4898767817529283,640,0.07212457361524527,0.1855412692501122,6,0,14.672061527399318
0.5490636222355374,320,0.1390681229775021,0.7978960312265829,5,0,14.386391104178115
0.6822715879794272,320,0.07005672128778415,0.25734130710372655,5,0,14.386391104178115
0.6920232559182906,160,0.6290278832534727,0.4576653330783772,4,0,12.137260033550547
0.4567585977257691,160,0.6832127710908595,0.85355252477535,4,0,12.137260033550547
0.5963644198789886,160,0.24739894133862758,0.11141468205521653,6,2,12.137260033550547
0.6656973875588084,160,0.9661684083643448,0.5528140180924935,4,0,12.137260033550547
0.6039804623848417,160,0.9194330234620349,0.6076194445639663,4,0,12.137260033550547
0.48668070997177226,160,0.20128180053483566,0.18400515652312643,4,0,12.137260033550547
0.611075404475418,1280,0.7478248411106103,0.9679190142946642,8,1,14.527879537180944
0.6784196660939061,1280,0.010233953019455816,0.8977324929764837,8,1,14.527879537180944
0.6193795536506042,1280,0.9640445773448072,0.4200465335494454,7,0,14.527879537180944
0.6037152302132852,640,0.966857691090415,0.4433417219960534,7,1,13.717262392350877
0.7047610880747054,640,0.2435492627364375,0.022506661923945098,6,0,13.717262392350877
0.6821161811285434,640,0.0746693133726364,0.5713641198933477,6,0,13.717262392350877
0.7470998655189132,640,0.8022531982122073,0.5086480893417081,6,0,13.717262392350877
0.718403881530436,640,0.837613677293229,0.5071436549902926,6,0,13.717262392350877
0.43979766549566124,640,0.9821793336307733,0.45257020090122835,6,0,13.717262392350877
0.7957123863132382,320,0.4723082582677126,0.7212361167880026,5,0,12.766360451150243
0.6434503330515393,5120,0.09696345570015337,0.7161291977425398,9,0,14.819000116288723
0.6217406420568301,1280,0.3583500628424484,0.9216286095463907,7,0,14.386391104178115
0.5930889063790906,1280,0.4458194313019477,0.6002358702238445,8,1,14.386391104178115
0.814991956178569,1280,0.4033417406350615,0.5646138062506024,7,0,14.386391104178115
0.7138456445101276,640,0.28502391195573396,0.7966915127747132,7,1,13.34442629541393
0.7158643087091185,640,0.9194262341355247,0.9604330002596667,6,0,13.34442629541393
0.5331481149756823,640,0.9098257873640558,0.9456349350523612,6,0,13.34442629541393
0.5165901229189741,640,0.9109196549846759,0.24165352685516006,6,0,13.34442629541393
0.7550052642448293,640,0.9119673301512145,0.6432975875028405,6,0,13.34442629541393
0.7571523083023209,640,0.9387114273108523,0.9640851879042958,6,0,13.34442629541393
0.750834536304481,5120,0.35282984294057523,0.6695376867208334,9,0,14.819000116288723
0.6833889963468222,2560,0.3653427978331195,0.6667997396460721,9,1,14.527879537180944
0.706416772301744,2560,0.07605915095550542,0.0565355759582005,8,0,14.527879537180944
0.632548621174735,1280,0.441246523802164,0.33645000503935957,7,0,14.11125122329241
0.6856878624740991,1280,0.40724735436219706,0.3905855628976886,7,0,14.11125122329241
0.6640043489760065,1280,0.6055815984640938,0.922592219282683,8,1,14.11125122329241
0.3264036388147472,320,0.30984371878317934,0.5982282322817551,5,0,13.106938521330846
0.8008064378392429,320,0.443706796113031,0.03086246675997046,6,1,13.106938521330846
0.6183296990223548,320,0.550378301968585,0.4014496743048898,5,0,13.106938521330846
0.5608764595238108,320,0.8242364567878253,0.2665040030987442,5,0,13.106938521330846
0.7258274685045735,81920,0.3579366181453514,0.5251688090528348,13,0,14.819000116288723
0.7224017186493565,640,0.9157628372904674,0.2782490803913412,7,1,14.527879537180944
0.8118681110052265,640,0.7509452448960913,0.30670348572920064,7,1,14.527879537180944
0.8865567091348794,320,0.030606308626474357,0.728658996978821,5,0,13.717262392350877
0.5679820853665083,320,0.7882403839780342,0.5757586312867163,7,2,13.717262392350877
0.44079304544203135,320,0.751234946723805,0.1803836459015955,5,0,13.717262392350877
0.5526401835389801,320,0.3587055819268936,0.717108004109063,5,0,13.717262392350877
0.6316469307451982,320,0.2302509185624082,0.47958707624805436,5,0,13.717262392350877
0.7521269581631209,320,0.15218904381386233,0.39507138684846055,6,1,13.717262392350877
0.5924618573894408,160,0.7521264881268607,0.160214933438171,4,0,11.30826012285917
0.8318515160076297,40960,0.1226684094744906,0.6064124490095034,12,0,14.819000116288723
0.5085879492731081,5120,0.12508679533131717,0.5964644179037721,9,0,14.672061527399318
0.6136015395402226,1280,0.13368233441449331,0.5507273526018976,7,0,14.386391104178115
0.6165320231615399,1280,0.5033051941175459,0.5949222903770501,7,0,14.386391104178115
0.6670526905603185,640,0.6304451121140123,0.6843671645211584,6,0,13.977482015429421
0.6565933179599873,640,0.26324901721829463,0.5445854534830583,6,0,13.977482015429421
0.8710085286803081,640,0.8204584267530219,0.05584583773662276,7,1,13.977482015429421
0.6095082055386116,320,0.9852180070920259,0.009210248534516685,5,0,13.224607976590615
0.5472989514909803,320,0.03742173715003428,0.640324312454525,6,1,13.224607976590615
0.641851064323489,320,0.1002963744184994,0.5908267592272225,5,0,13.224607976590615
0.7486136077655207,5120,0.35612548917152026,0.9661897468074823,9,0,14.819000116288723
0.6631426817578109,2560,0.028242896190515503,0.42073547972519115,8,0,14.672061527399318
0.6212667685011183,640,0.8011617876394693,0.14392996930392155,6,0,14.527879537180944
0.6991701063766101,320,0.09490451319676023,0.7603967725287716,5,0,13.590703399607946
0.8999712601876932,320,0.03703461322395956,0.751529189906273,5,0,13.590703399607946
0.6086139931098998,320,0.8228189709042639,0.5351304501614798,5,0,13.590703399607946
0.6205469086116863,320,0.8583550990573061,0.13086423234763875,5,0,13.590703399607946
0.6975442888439823,320,0.5609224890984261,0.37221721095028354,5,0,13.590703399607946
0.6999038168333525,320,0.40297331991698127,0.9148845972321854,5,0,13.590703399607946
0.6307581844591474,320,0.07466362889934869,0.9900576037537788,5,0,13.590703399607946
0.6575956208515361,5120,0.5738445614807456,0.9898259942002817,9,0,14.819000116288723
0.5820926007276112,1280,0.3054333833006873,0.6610156797342911,7,0,14.386391104178115
0.7535936073564369,1280,0.5982845221676247,0.9915193118889404,8,1,14.386391104178115
0.6279907794633842,1280,0.5941592623289693,0.9876077052608911,7,0,14.386391104178115
0.7610365752940766,640,0.9511066013460617,0.8024586866197375,7,1,13.977482015429421
0.5601595357433677,640,0.09608262927567968,0.7024435837271239,6,0,13.977482015429421
0.6168405958134379,640,0.31126540693551746,0.675974142751587,6,0,13.977482015429421
0.5280586640601498,320,0.6866703943826666,0.5532837711165738,5,0,13.106938521330846
0.7123021109639137,320,0.3629920768020999,0.33291803109598583,5,0,13.106938521330846
0.7201017895533759,320,0.2690375472560284,0.16631454201206677,5,0,13.106938521330846
0.6883158415472684,2560,0.1126318624062436,0.9893894506252339,8,0,14.819000116288723
0.7053421009519716,1280,0.3736082757892671,0.03520452263602867,7,0,14.672061527399318
0.7085318719343353,640,0.32401558416501725,0.7269822398712626,6,0,13.977482015429421
0.4752973582466998,640,0.8517623236993633,0.08436532683591753,7,1,13.977482015429421
0.7219020107848644,640,0.2797562129082001,0.7633608793469137,6,0,13.977482015429421
0.7297779406740245,640,0.8622749947354346,0.2706172172019527,6,0,13.977482015429421
0.7561027044943751,640,0.7575928251692257,0.03197378520645312,6,0,13.977482015429421
0.6324432574387386,320,0.12119799390648359,0.4342318710868724,5,0,12.877859845830088
0.7648158194446983,320,0.26980152617403264,0.018405894189378,5,0,12.877859845830088
0.6742371353387461,320,0.3547765636603482,0.7470618713825515,5,0,12.877859845830088
0.7035889567333924,5120,0.0890404589610888,0.9879561284353113,10,1,14.819000116288723
0.7910922570040526,1280,0.301768565337308,0.4130775359602858,7,0,14.527879537180944
0.6636221372114117,1280,0.9294997305106557,0.41274834617587797,7,0,14.527879537180944
0.6163721281374865,640,0.039150801323938056,0.05190834854451467,6,0,14.386391104178115
0.6739854025895481,320,0.6827816805531229,0.25782681690686526,5,0,13.224607976590615
0.5819911130909575,320,0.07799778801310271,0.3189882452099292,5,0,13.224607976590615
0.549898858867779,320,0.34102298584257007,0.6597171065314159,5,0,13.224607976590615
0.6462550816651218,320,0.20694809249806131,0.20121115378094884,6,1,13.224607976590615
0.7660964557120518,320,0.7745977170112084,0.4998454134459538,8,3,13.224607976590615
0.69683216367778,320,0.6494140422645845,0.17573013459911468,5,0,13.224607976590615
0.7787738389787942,5120,0.5348456748772821,0.014342562146067842,9,0,14.819000116288723
0.6990975835071609,2560,0.39736302992773814,0.6502171481544828,8,0,14.672061527399318
0.5428301934026077,1280,0.3328007725831955,0.7558100978155802,8,1,14.527879537180944
0.7426159959174399,640,0.9843452329798347,0.46520926534958107,6,0,13.977482015429421
0.5767866800817552,640,0.6861783151632981,0.6279476484566445,6,0,13.977482015429421
0.6107846033227168,640,0.8343309686560907,0.2573815105756309,6,0,13.977482015429421
0.6530256154186781,640,0.9693061488712976,0.16165521737901653,6,0,13.977482015429421
0.7196825390666757,320,0.7867507942620925,0.7714420609623287,5,0,13.224607976590615
0.8140517014015454,320,0.9604747059907931,0.8143132861474279,5,0,13.224607976590615
0.8046411591619899,320,0.13338854534444933,0.0901893004636044,5,0,13.224607976590615
0.5925633395029846,10240,0.5069952240799883,0.9161590068133094,10,0,14.819000116288723
0.635231990371161,640,0.005454591489327487,0.6285398815948497,6,0,14.11125122329241
0.6678385711967926,640,0.9911853380186196,0.1979548127091587,9,3,14.11125122329241
0.6235375413172061,640,0.8204420581900177,0.7780742376037313,6,0,14.11125122329241
0.6660528169356493,640,0.06383704170075,0.3883925378229932,6,0,14.11125122329241
0.614463025117813,640,0.5707815086367118,0.3423025453351994,6,0,14.11125122329241
0.6765654199449994,320,0.9439366965830345,0.9250764977742932,5,0,12.766360451150243
0.6700947739935407,320,0.1697152511863066,0.43329552423199685,5,0,12.766360451150243
0.6481355068578132,320,0.8025748075463286,0.7985186458690398,5,0,12.766360451150243
0.5680421488218849,320,0.14100161773055347,0.1893620635359664,6,1,12.766360451150243
0.776893354154771,2560,0.606198121084651,0.0764088458752269,8,0,14.819000116288723
0.5564708722739351,1280,0.25099322757456655,0.14737365387996373,7,0,14.386391104178115
0.7860128972762248,1280,0.7508364609970865,0.46721014646762304,7,0,14.386391104178115
0.8485617697073483,1280,0.24026941039729216,0.13018894942352244,7,0,14.386391104178115
0.703804945296499,640,0.584840018567467,0.37139984616078436,10,4,14.11125122329241
0.6304440125772804,640,0.01320685832344218,0.2670637395369602,6,0,14.11125122329241
0.8869034994163358,320,0.9140003762597135,0.9706079518047176,6,1,13.224607976590615
0.6573754169420795,320,0.693672437294947,0.4558203416095759,5,0,13.224607976590615
0.6846507036664132,320,0.4161364257229094,0.05914994797771287,5,0,13.224607976590615
0.5846188968747704,320,0.6810663206623265,0.7802299828145801,5,0,13.224607976590615
0.6518359778584211,640,0.7395958650338265,0.9157167082277141,6,0,14.247534893339692
0.7235917929715986,640,0.5067126538919572,0.2738018239551775,6,0,14.247534893339692
0.5101553816963387,640,0.682911334952006,0.7995978200713182,7,1,14.247534893339692
0.6878412468176607,640,0.46596357974094055,0.9140415149265947,6,0,14.247534893339692
0.6392844561660059,640,0.9151102461567177,0.8677887448030918,7,1,14.247534893339692
0.5848763381494443,320,0.2310011800580116,0.14054870052119506,5,0,13.34442629541393
0.5135564540767089,320,0.07411826431255474,0.39769902540514457,5,0,13.34442629541393
0.7386704534560873,320,0.7732825463450055,0.14396280923913887,5,0,13.34442629541393
0.8801933567914515,320,0.9844714165306118,0.9373577135645168,5,0,13.34442629541393
0.6657533269945828,320,0.4361255175899714,0.6837851032707377,5,0,13.34442629541393
0.7980183076919614,10240,0.6764289345001496,0.24847771882644823,10,0,14.672061527399318
0.630972736739823,10240,0.5317695691824812,0.4466567507595176,11,1,14.672061527399318
0.7554009493764464,2560,0.6538333989093683,0.3605886476105125,8,0,14.527879537180944
0.6876670966362406,1280,0.3308411838848199,0.1081970076190206,7,0,14.247534893339692
0.7513241743761314,1280,0.6757971437900462,0.3628078180351364,8,1,14.247534893339692
0.556163112996418,640,0.3816034411351238,0.11870349581070727,6,0,13.34442629541393
0.6471142040295946,640,0.563740520397507,0.590974252176383,6,0,13.34442629541393
0.6004038895506018,640,0.6761228689502239,0.23809118569939774,6,0,13.34442629541393
0.8111658445834855,640,0.8405763652981885,0.5972069378198583,6,0,13.34442629541393
0.6980619750578627,640,0.8329067787361697,0.5924683124793054,7,1,13.34442629541393
0.664107089684935,320,0.9650792317020137,0.9913918565928621,5,0,13.977482015429421
0.6425737803495867,320,0.10166464235276837,0.7286614936750976,6,1,13.977482015429421
0.567157285206314,320,0.11743693061830912,0.9907262642434637,5,0,13.977482015429421
0.5410854094544753,320,0.8446759152277118,0.24477858863543925,8,3,13.977482015429421
0.614554041078916,320,0.1237331728684943,0.9791371611987162,6,1,13.977482015429421
0.7207159573816665,320,0.2279331282890907,0.39249843103459003,6,1,13.977482015429421
0.7967266717956054,320,0.9829046685035475,0.9510843675868558,6,1,13.977482015429421
0.6193437837689351,160,0.16183226820618954,0.3061054759121393,6,2,11.30826012285917
0.5802325685522279,160,0.17089977347759985,0.4107497542915838,4,0,11.30826012285917
0.7840563674254827,160,0.7594772531901166,0.991138380258321,5,1,11.30826012285917
0.8084770702692665,1280,0.08260440563815484,0.45672752338216005,8,1,14.819000116288723
0.5362073973911643,640,0.8163694486529358,0.5703539643251333,6,0,14.672061527399318
0.8467909871552378,320,0.09466372527047733,0.8960696091187368,5,0,13.84617074474516
0.4351530699907977,320,0.5911982109728477,0.2962952902869539,5,0,13.84617074474516
0.5733940318131012,320,0.42018142015330345,0.9075945792719722,5,0,13.84617074474516
0.6284898521907856,320,0.7692197829795381,0.5838132323419203,5,0,13.84617074474516
0.5912521494343818,320,0.9737039160432841,0.3677114828139896,5,0,13.84617074474516
0.6045945713084769,320,0.1105605590548737,0.19228654155340882,5,0,13.84617074474516
0.48982383824498893,160,0.2707103992272539,0.5968151849437394,4,0,11.05888211109141
0.6796643916670007,160,0.8776179699560822,0.11989534314286279,4,0,11.05888211109141
0.5797730644146964,5120,0.11803710864930975,0.4277630912415702,9,0,14.819000116288723
0.6446249882790114,2560,0.009027274882661838,0.745675147581725,8,0,14.672061527399318
0.6860512072079662,1280,0.3344725563529119,0.7795579187868543,7,0,14.11125122329241
0.8423653424021209,1280,0.12012400004354802,0.23195821530676786,7,0,14.11125122329241
0.8451836172370075,1280,0.2885286004273267,0.43329904187442875,7,0,14.11125122329241
0.7676951817816963,1280,0.40459990497812887,0.11495685808369845,7,0,14.11125122329241
0.768997746729235,640,0.28835163857852714,0.37819788379210106,6,0,13.590703399607946
0.665282705006787,640,0.2071423712441355,0.9782209880001361,6,0,13.590703399607946
0.6411342633130357,640,0.2614062306151461,0.36384807687730003,6,0,13.590703399607946
0.6087769247661617,640,0.32824451763956664,0.7659076374841957,6,0,13.590703399607946
0.6762201466660778,20480,0.5899887975578693,0.9782933928836971,11,0,14.819000116288723
0.7232496436326881,1280,0.6055826189492213,0.9599509338734774,9,2,14.527879537180944
0.7366238769994164,1280,0.6301642449628284,0.06892261976742219,7,0,14.527879537180944
0.7158624378028846,640,0.9219117385001658,0.9528893565918917,6,0,13.84617074474516
0.5604384846438357,640,0.5823910246112046,0.019687006193264134,6,0,13.84617074474516
0.7482965489291256,640,0.8111721344954747,0.8687513942183899,6,0,13.84617074474516
0.45245230138768966,640,0.021240093965379903,0.4615356989218784,6,0,13.84617074474516
0.6700940819467287,640,0.3535994113601318,0.7915746380635236,8,2,13.84617074474516
0.6180134941875516,320,0.5054643739858151,0.49069517995555195,5,0,13.106938521330846
0.6462412759638436,320,0.4938816160672525,0.1342214778915919,5,0,13.106938521330846
0.48490748960696595,640,0.11685601110333828,0.06050266982264706,6,0,14.672061527399318
0.6144232069931133,640,0.10488668018697174,0.10589642290475394,6,0,14.672061527399318
0.5529780021743511,320,0.7262730347490708,0.8816684545365288,5,0,13.106938521330846
0.614506696206071,320,0.7468879428664361,0.27152275633233697,5,0,13.106938521330846
0.6376873292640746,320,0.27863552476237735,0.757718795264112,5,0,13.106938521330846
0.6300985046734411,320,0.8150574159727372,0.2516483107943143,6,1,13.106938521330846
0.8404679627406468,320,0.2649501341149507,0.8251984974158585,5,0,13.106938521330846
0.6694787452593003,320,0.2755900465301817,0.7651686439700702,5,0,13.106938521330846
0.6380103237849787,320,0.3043647380522568,0.20726842294094983,5,0,13.106938521330846
0.6595339326262543,320,0.8135715935458036,0.24979185702079973,6,1,13.106938521330846
0.4496462406032392,5120,0.6650872950648323,0.3272010461248884,9,0,14.819000116288723
0.6587826908890141,2560,0.8319767269859581,0.03206610072992594,10,2,14.672061527399318
0.6527854435202785,1280,0.3361589941230894,0.9104250525599299,7,0,14.386391104178115
0.6216031472215838,1280,0.33737561363374713,0.9095064490530825,7,0,14.386391104178115
0.654986794819896,640,0.5942865929170165,0.7071164169369627,7,1,14.247534893339692
0.6639698669550221,320,0.33436658080500453,0.2743876324398953,5,0,13.34442629541393
0.6768942763665979,320,0.8354232798467173,0.14309802704458288,6,1,13.34442629541393
0.6365851122572198,320,0.2947908022257949,0.2545162891582192,5,0,13.34442629541393
0.6577904257093039,320,0.807368197462137,0.8468672464861169,5,0,13.34442629541393
0.61605330450366,320,0.10352152603474535,0.06656522190068566,5,0,13.34442629541393
0.759399668827471,5120,0.6325144572496247,0.7288747573171774,9,0,14.819000116288723
0.7166911938399497,1280,0.20731957167484313,0.45127742535397597,7,0,14.527879537180944
0.8200857568558457,1280,0.03124887033004258,0.8546239693848352,10,3,14.527879537180944
0.6096523167274437,640,0.9838818147088128,0.03232411519202649,6,0,14.247534893339692
0.6848429133176172,640,0.7771461194042877,0.770867491414335,6,0,14.247534893339692
0.7211871874688273,320,0.3469620543793863,0.8542766708878347,5,0,13.590703399607946
0.6670510140076249,320,0.43587446557033566,0.023649431689786005,5,0,13.590703399607946
0.6417374884127779,320,0.19623993551451252,0.48764639891989864,5,0,13.590703399607946
0.7274006020143695,320,0.3392636664860432,0.05811264962583447,5,0,13.590703399607946
0.753054422488841,320,0.17932946678478068,0.9239536008440811,6,1,13.590703399607946
0.6286094982544596,2560,0.5597330909766794,0.6627296533143676,8,0,14.819000116288723
0.6140431245194843,1280,0.5999485673545049,0.4496710821812444,7,0,14.672061527399318
0.6496892299668566,640,0.22881860579294502,0.35399173222255165,6,0,14.247534893339692
0.57389492864866265,640,0.5549336698946464,0.6877417103653839,6,0,14.247534893339692
0.405027516370863,640,0.6167278068142465,0.4542139631682145,9,3,14.247534893339692
0.5532029136337626,320,0.5711388990331664,0.6990019783866476,5,0,13.34442629541393
0.7415214007973201,320,0.3749748831012504,0.5528031454423896,5,0,13.34442629541393
0.6936725297131734,320,0.06134039544574546,0.34221627711392566,5,0,13.34442629541393
0.8051210842253078,320,0.5275175661052489,0.01636161075775229,5,0,13.34442629541393
0.48079839779521477,320,0.030861705833517793,0.023403062790965858,5,0,13.34442629541393
0.542303959631462,1280,0.4558283134725,0.7423380118417113,7,0,14.386391104178115
0.6697464719655293,1280,0.7063870287074044,0.7480414405196386,7,0,14.386391104178115
0.5882521803828515,1280,0.6374146899067107,0.41330116927109434,8,1,14.386391104178115
0.9336441156929409,1280,0.6451294940794396,0.06547224544688356,7,0,14.386391104178115
0.5047324384641156,640,0.5880758980710745,0.21581132232619274,6,0,14.247534893339692
0.6946494788159405,320,0.745095827141823,0.7786504179830037,5,0,13.717262392350877
0.6964490596980174,320,0.322412521666407,0.020633675692028446,5,0,13.717262392350877
0.7385767008863904,320,0.8734520631367387,0.06763367213433916,7,2,13.717262392350877
0.6040662698705259,320,0.8865580289214572,0.7249755302087325,5,0,13.717262392350877
0.5967092038719026,160,0.8087607495769377,0.9024950184613763,4,0,11.394217730930826
0.5608888559084256,1280,0.18866801378201342,0.22987995343166984,7,0,14.386391104178115
0.6340950000329699,1280,0.49437557051736697,0.8083325192559306,8,1,14.386391104178115
0.6367670796400634,1280,0.05212035404161471,0.9804321443777884,8,1,14.386391104178115
0.7386321649675354,1280,0.2707791200373322,0.9329478243569755,7,0,14.386391104178115
0.8319539321429797,640,0.33035603068671676,0.7096865473417056,6,0,13.34442629541393
0.5868065661618492,640,0.14856367116210178,0.17264440587017482,6,0,13.34442629541393
0.607609153508479,640,0.881811598149031,0.7701604911577957,6,0,13.34442629541393
0.6319889287072552,640,0.18481584194125564,0.9494098383963423,6,0,13.34442629541393
0.47049086180759303,640,0.23947849915483366,0.9322338996927685,7,1,13.34442629541393
0.45798362606292536,640,0.20720586745619812,0.9762838838601123,6,0,13.34442629541393
0.6985380630555291,20480,0.14761237755408557,0.3622375837624518,11,0,14.819000116288723
0.6693857300961303,2560,0.2926808709651695,0.626933492549848,8,0,14.672061527399318
0.6326287399885507,1280,0.8034883787037703,0.6279138057858715,7,0,14.527879537180944
0.6923390552455022,640,0.9732368978363606,0.9127127787466648,6,0,13.717262392350877
0.6060346693782872,640,0.26081684224923785,0.2576524093828224,7,1,13.717262392350877
0.5307408735323536,640,0.5600198645860568,0.5401499283613536,6,0,13.717262392350877
0.8122702632337451,640,0.587495661799365,0.38517705603521224,6,0,13.717262392350877
0.5689784481852808,640,0.662849607687462,0.3620705372394429,6,0,13.717262392350877
0.46221222097288295,640,0.7815021796925781,0.6485784230776946,6,0,13.717262392350877
0.6786961200102719,320,0.9937004560456422,0.6634582617153316,6,1,12.991371036766388
0.7083275326360986,2560,0.4863028058872572,0.005046875524190973,8,0,14.819000116288723
0.58364155110114,1280,0.32731434417800487,0.983265672436225,7,0,14.527879537180944
0.6562776325418165,1280,0.15435620753177956,0.16489250993295876,7,0,14.527879537180944
0.688683173213999,640,0.090648983948081,0.6376843782853039,6,0,14.11125122329241
0.7463036555756074,640,0.9308897455892438,0.9520559076935665,8,2,14.11125122329241
0.7014049398245531,640,0.7936683462154287,0.34204888873877215,6,0,14.11125122329241
0.6210413240695646,320,0.4981126928602378,0.3980152105161948,5,0,13.84617074474516
0.5977862383261616,320,0.41340018168499515,0.45372599055434565,5,0,13.84617074474516
0.6152038395343213,160,0.9612970319008964,0.3744626929253729,4,0,12.877859845830088
0.5469475581642856,160,0.10684114525242899,0.240571853420952,4,0,12.877859845830088
0.5672927235748882,20480,0.13160206338006133,0.9928969628923568,11,0,14.819000116288723
0.5982593155442861,640,0.2692298698609704,0.8845532617997378,6,0,14.527879537180944
0.6900130067741501,640,0.7239291032750753,0.7257953241539294,7,1,14.527879537180944
0.6333962957872898,320,0.5605604752842615,0.15655329195662074,5,0,13.717262392350877
0.5962639296115319,320,0.18993086101538248,0.20739343294535595,5,0,13.717262392350877
0.6313490586284135,320,0.5477138265958102,0.9240519256349561,5,0,13.717262392350877
0.6753051624421292,320,0.732277918929021,0.9141010421499685,5,0,13.717262392350877
0.6665502533944575,320,0.5770623587808613,0.10668166880658018,5,0,13.717262392350877
0.6334172764302686,320,0.30042158651619744,0.8408367201681273,5,0,13.717262392350877
0.7103469086698787,160,0.8677707347504572,0.6134207139535348,4,0,11.753002796640498
0.7528446265682442,10240,0.39380612290714545,0.20870701214344942,11,1,14.819000116288723
0.5899165942040093,1280,0.6015916832604571,0.70013326026073,7,0,14.672061527399318
0.6597611658557392,640,0.20643496459155386,0.8828014415220835,6,0,14.11125122329241
0.6320831337694564,640,0.1572626865612556,0.5379364182060556,6,0,14.11125122329241
0.5846296528012128,640,0.5898374859150962,0.6689842912595515,6,0,14.11125122329241
0.7220897808581355,640,0.2806418107403211,0.8629834700505532,8,2,14.11125122329241
0.630080997534563,320,0.6688584251264434,0.517311768570396,5,0,12.877859845830088
0.5606254460442128,320,0.6884965694611382,0.5194371101476567,5,0,12.877859845830088
0.7398858433071697,320,0.3446076992964048,0.4191146222434345,5,0,12.877859845830088
0.45388285317960086,320,0.9944838493070867,0.6164415871298209,5,0,12.877859845830088
0.769092728433347,20480,0.6759375652636573,0.9879043642292494,11,0,14.819000116288723
0.6475606131299211,2560,0.7228390363679819,0.8381986764435707,8,0,14.672061527399318
0.7317678196896049,1280,0.9943508517648099,0.24336737226949665,7,0,14.527879537180944
0.7296723431943744,640,0.6713856633449093,0.9630147022327213,6,0,13.977482015429421
0.6812032698381695,640,0.326062467563156,0.2463072585289492,6,0,13.977482015429421
0.6162583046686925,640,0.9305603907568686,0.6339516230286631,6,0,13.977482015429421
0.7236044986366316,640,0.5981726332461063,0.655117857514357,8,2,13.977482015429421
0.668592270467799,320,0.9707246059100074,0.8310632528748771,6,1,12.991371036766388
0.5734106674625498,320,0.25626429235585846,0.7939266444401658,5,0,12.991371036766388
0.4263418183826335,320,0.40002302387937794,0.883403442918198,6,1,12.991371036766388
0.6059832030786707,5120,0.8251045452435478,0.9867061989715518,9,0,14.819000116288723
0.7133087928455693,2560,0.3343337694535134,0.3910459508327072,8,0,14.672061527399318
0.6244581397449368,640,0.3481935042336546,0.025072932373083646,6,0,13.717262392350877
0.8518861835478697,640,0.5067748668330225,0.6557364994799023,7,1,13.717262392350877
0.8837595632727859,640,0.6975229097870804,0.024436506719574036,6,0,13.717262392350877
0.6150486789447116,640,0.9700757403422462,0.9616937166223516,6,0,13.717262392350877
0.6092284180212846,640,0.2939978274227171,0.7505264188515125,6,0,13.717262392350877
0.6318408269896388,640,0.008964730232064403,0.07958958414383234,6,0,13.717262392350877
0.7904813997546946,640,0.18968850121467343,0.8768648828208373,7,1,13.717262392350877
0.6436272106660339,320,0.8886927528763237,0.4097585280655202,6,1,12.766360451150243
0.7103223829601009,2560,0.6409957255109385,0.3917391068841891,8,0,14.819000116288723
0.7945805191429608,640,0.155868489038088,0.742507292505641,6,0,14.247534893339692
0.6087566330112141,640,0.06310421120681203,0.29154985141592904,6,0,14.247534893339692
0.7298310938014796,640,0.17346799084731374,0.7257010266717653,6,0,14.247534893339692
0.7576852699579277,640,0.11113054275892639,0.7253722234592027,7,1,14.247534893339692
0.5794772280057187,320,0.41361834351737886,0.9012458351711784,5,0,13.224607976590615
0.5581027497014731,320,0.014127388235125968,0.7251058305076217,6,1,13.224607976590615
0.6675475338477789,320,0.07185879336966583,0.287008988117308,5,0,13.224607976590615
0.3932354821453121,320,0.6227564899429253,0.01638935218606867,5,0,13.224607976590615
0.6481779784632948,320,0.8621483434719122,0.788749880137719,6,1,13.224607976590615
0.7618789337104175,5120,0.8269055871587173,0.0581933486307809,9,0,14.819000116288723
0.7656786279340744,1280,0.9801070164791795,0.2950714148896102,7,0,13.977482015429421
0.7595561540823677,1280,0.33306229569768503,0.03607076582781489,8,1,13.977482015429421
0.5085561160092559,1280,0.8492945965682968,0.09724997413062042,8,1,13.977482015429421
0.7236399643297262,1280,0.1841006738849596,0.3201050881530385,9,2,13.977482015429421
0.649784572293707,1280,0.12464557255419037,0.5864629412234404,7,0,13.977482015429421
0.7273245744571383,1280,0.9848986726997893,0.29111274953616495,7,0,13.977482015429421
0.5355453976537111,640,0.8696079493711114,0.015912500024768548,6,0,13.590703399607946
0.7190859232645522,640,0.9900324984826611,0.28346088257924057,7,1,13.590703399607946
0.7893963026209312,640,0.38450190634814213,0.9923960128057729,6,0,13.590703399607946
0.7183507742475368,2560,0.5242882527906763,0.7750655194264906,9,1,14.819000116288723
0.6523723395095531,1280,0.6029944072630423,0.1062326184682437,7,0,14.672061527399318
0.6277410952990873,640,0.7655255784099894,0.5355314127602777,6,0,14.527879537180944
0.5279294659638691,320,0.6466480019972637,0.8966237528282056,5,0,13.84617074474516
0.7005347422094277,320,0.29894562409171344,0.6001416107764773,6,1,13.84617074474516
0.7721731319787581,320,0.7947315400401455,0.8086320423597554,5,0,13.84617074474516
0.7064537246913558,320,0.37488541073647713,0.698678029105716,6,1,13.84617074474516
0.6930948006593474,320,0.6478730716872312,0.8948077056093595,5,0,13.84617074474516
0.6911779602128474,160,0.1375426526172133,0.9225235367379157,4,0,12.137260033550547
0.4750110195961518,160,0.2716600693257257,0.6380195870186985,4,0,12.137260033550547
0.615341758174452,5120,0.485370755581352,0.26267389213175174,9,0,14.672061527399318
0.5582775205399599,5120,0.24674020931402696,0.5422639659969646,10,1,14.672061527399318
0.8181147625316679,2560,0.10031874187577942,0.7916284028999044,9,1,14.527879537180944
0.5512288946488335,640,0.7510314448852444,0.6608686042458413,8,2,13.466441623818252
0.8377526403717772,640,0.5215551695596445,0.8540762957400962,6,0,13.466441623818252
0.5922123558321101,640,0.9891348231041721,0.6344657539012402,6,0,13.466441623818252
0.7363538813558463,640,0.6082274455458982,0.44560736679328394,6,0,13.466441623818252
0.6651761363775411,640,0.09916443673231227,0.556615230681801,6,0,13.466441623818252
0.43662504216859155,640,0.19310658099593142,0.9822514001198984,6,0,13.466441623818252
0.6273432784033746,640,0.2349500847605071,0.14234898104888402,6,0,13.466441623818252
0.7398456956690058,640,0.09181395082141446,0.5079060339111724,6,0,14.386391104178115
0.6418217425062163,640,0.35487268266351474,0.790458494730164,6,0,14.386391104178115
0.8169926280839326,640,0.9862583738147045,0.6849144843270288,6,0,14.386391104178115
0.5824272468335021,640,0.06738281743461962,0.49781253261593594,6,0,14.386391104178115
0.8186275604492184,320,0.5614275017623507,0.42381327439548994,5,0,13.84617074474516
0.5867971984179858,320,0.8993800050134201,0.39124906448582514,5,0,13.84617074474516
0.6971445082383685,320,0.0643834479799522,0.03429345278514188,7,2,13.84617074474516
0.5306128565463799,320,0.07332228775719987,0.05511896418342691,7,2,13.84617074474516
0.4291839958017115,160,0.45507899708397204,0.5622600233031724,4,0,12.656829500141928
0.6385504805371716,160,0.596545249684737,0.6525611686068518,4,0,12.656829500141928
0.7449541080091318,5120,0.8786414561443383,0.5856635839509227,9,0,14.819000116288723
0.8231113289545895,2560,0.43544620182481014,0.9256065894307486,9,1,14.672061527399318
0.7217759925246872,1280,0.3233892312783062,0.5020886562088162,7,0,14.386391104178115
0.512281282380241,1280,0.6612478296124187,0.787373995331964,7,0,14.386391104178115
0.6284800120824257,640,0.8033210191428569,0.9799545656366098,6,0,14.11125122329241
0.6338543129762176,640,0.6903539618873386,0.7849502574029235,6,0,14.11125122329241
0.6402920487892335,320,0.8278912492397599,0.692839468096091,5,0,12.766360451150243
0.5657977390400646,320,0.8015652748267282,0.4239019860643245,5,0,12.766360451150243
0.593902182644968,320,0.4013651047406987,0.5559741578676474,5,0,12.766360451150243
0.6565952273904165,320,0.6185613760877567,0.16111128912446326,5,0,12.766360451150243
0.6058979834558765,2560,0.2601297120621604,0.7748954024580562,9,1,14.819000116288723
0.5484907642524508,1280,0.7161003618341273,0.8243978626351914,7,0,14.527879537180944
0.7345236997843394,1280,0.6055046713584339,0.3570089844861693,7,0,14.527879537180944
0.6018470196407985,640,0.03759541394494807,0.17544871974685486,6,0,14.247534893339692
0.605458644297257,640,0.7704041114086239,0.9377386562598045,6,0,14.247534893339692
0.7395035874634516,320,0.9171510343057618,0.8819312832818659,5,0,12.991371036766388
0.6716789152181183,320,0.9566560815324757,0.8972671213304967,5,0,12.991371036766388
0.6601893759580203,320,0.11620303224517377,0.7904754577885702,5,0,12.991371036766388
0.586993331766774,320,0.02765513202569341,0.16138956622123274,5,0,12.991371036766388
0.537118686220979,320,0.13775878477452408,0.9321197187713353,5,0,12.991371036766388
0.619956067784854,640,0.2300145721783519,0.10544925770926203,6,0,14.386391104178115
0.5286928509410542,640,0.49359080224038465,0.30834770256963867,6,0,14.386391104178115
0.45412326537339176,640,0.3041779438626781,0.30459397400391114,6,0,14.386391104178115
0.6826135933463523,640,0.1679543244562098,0.3771548336568701,6,0,14.386391104178115
0.6156843160029049,320,0.22620108126505137,0.10550200206051531,5,0,13.590703399607946
0.6822408593336817,320,0.29347327201909834,0.29425215204848687,5,0,13.590703399607946
0.7273710319653405,320,0.8241824068057244,0.6951345068759364,5,0,13.590703399607946
0.774737363158999,320,0.6114123842391691,0.9882518773347102,5,0,13.590703399607946
0.5499447702690081,320,0.46560572670304695,0.9799432310366086,5,0,13.590703399607946
0.5236225293782142,320,0.7550971353164786,0.5063004961540802,5,0,13.590703399607946
0.7001207802245152,2560,0.14227152929354034,0.1965204324603396,8,0,14.819000116288723
0.6051371284438545,1280,0.48254726663468156,0.4594661345675273,8,1,14.672061527399318
0.6812924973547689,640,0.514522894977161,0.6418392407216725,6,0,14.527879537180944
0.5465121394533775,320,0.12803077159926704,0.2523432063038428,5,0,13.106938521330846
0.6165309413024365,320,0.6255593054791199,0.030519830637532684,5,0,13.106938521330846
0.6682391485862541,320,0.28117966356997687,0.21473822654549274,5,0,13.106938521330846
0.726214530458037,320,0.8626100589366009,0.8003364390003221,6,1,13.106938521330846
0.726509802144462,320,0.7388933337506703,0.39679679069181545,5,0,13.106938521330846
0.5791838292805732,320,0.8840907455296881,0.3677613077064355,5,0,13.106938521330846
0.7500672930610879,320,0.9581520894475152,0.37422316383561166,5,0,13.106938521330846
0.7799449281539582,1280,0.6250752808771731,0.32836755605840784,9,2,14.672061527399318
0.5764322396007964,1280,0.5857360702058977,0.597062795851565,8,1,14.672061527399318
0.7934504519820412,640,0.10834094857917498,0.3652150961176599,6,0,14.247534893339692
0.8091372678315534,640,0.5358178050996301,0.46514735276815455,6,0,14.247534893339692
0.6747232088911318,640,0.30285391154981667,0.5766080935260939,6,0,14.247534893339692
0.76890337587416,320,0.6098421485364827,0.37477806754947746,7,2,13.466441623818252
0.6458783695072353,320,0.28270376974888217,0.8549719764816283,5,0,13.466441623818252
0.6911251921485941,320,0.77726621946218,0.4999852560991097,6,1,13.466441623818252
0.7455565276280276,320,0.3918556789265232,0.8425105183989977,6,1,13.466441623818252
0.48163336378628935,320,0.28175876502165415,0.568091769168728,5,0,13.466441623818252
0.75274960453799,40960,0.14955021887762815,0.31327248196261215,12,0,14.819000116288723
0.5471053441050124,5120,0.12758831741677515,0.30865009718537517,9,0,14.527879537180944
0.6161420859512036,5120,0.6912741075323162,0.8336599387138137,9,0,14.527879537180944
0.6785803229460868,2560,0.512337838077167,0.3545779627782584,9,1,14.247534893339692
0.6223462055995633,2560,0.5231974742871093,0.25825820572961544,8,0,14.247534893339692
0.5043720546461249,1280,0.6656948350189226,0.5150051944129244,7,0,14.11125122329241
0.5832455588976596,640,0.43303088733546474,0.7828560091569019,6,0,13.717262392350877
0.5113576829628123,640,0.38288239160997434,0.20272009099129384,6,0,13.717262392350877
0.6414843559805665,640,0.9630501301477279,0.7832613909380761,6,0,13.717262392350877
0.674417018341855,320,0.8563966811391345,0.464435295958248,7,2,12.877859845830088
0.7890057502829135,2560,0.8015801254555639,0.12427191386828709,8,0,14.527879537180944
0.5274819882834788,2560,0.21663866929051964,0.8213036692045648,9,1,14.527879537180944
0.6409413598480952,2560,0.4247269589657807,0.8054178263239137,8,0,14.527879537180944
0.505224905558403,1280,0.5146681275068138,0.07532848821447895,7,0,14.247534893339692
0.5745411357343604,1280,0.16711790976577917,0.010374494590819697,7,0,14.247534893339692
0.7474314890321457,640,0.2620916563822929,0.9866604412667249,6,0,13.84617074474516
0.660156072066603,640,0.27220947597412143,0.9733768177116799,6,0,13.84617074474516
0.6147144852038015,640,0.13972663301719696,0.12103774846619487,6,0,13.84617074474516
0.6526771164977779,320,0.35073180043541674,0.5573203651586649,6,1,12.137260033550547
0.6890641784112713,320,0.9141077000835438,0.7441983956470622,5,0,12.137260033550547
0.6084876001741695,2560,0.9386718155681828,0.2825982155804221,8,0,14.819000116288723
0.731636889690113,1280,0.1354412602837573,0.04066285715711799,7,0,14.672061527399318
0.7408742945958698,640,0.1923834226355976,0.4128244773169692,6,0,13.84617074474516
0.7365058884388679,640,0.13349641663884163,0.053167907496803064,6,0,13.84617074474516
0.6904792131525134,640,0.9744087769001241,0.2955048585134507,6,0,13.84617074474516
0.5969082561562742,640,0.16428508454428717,0.9633924970299061,6,0,13.84617074474516
0.6712358574698115,640,0.9377783044236736,0.2679160290295768,6,0,13.84617074474516
0.5029603818637342,640,0.225503503726054,0.2768460373574895,6,0,13.84617074474516
0.7393720002201369,320,0.017751759995442273,0.8125177814071507,6,1,13.106938521330846
0.6901117146878981,320,0.197306862973205,0.3426806248170764,5,0,13.106938521330846
0.6282518245075015,5120,0.24590102730397675,0.005408588978716761,9,0,14.819000116288723
0.5033123971675884,2560,0.9664554922454597,0.6283074055395242,8,0,14.672061527399318
0.7083131366817514,640,0.9004636382769831,0.09340563238672542,7,1,14.527879537180944
0.48517397274589585,320,0.15592972644424039,0.9328905160606037,5,0,13.466441623818252
0.6933077806486145,320,0.6056583095782099,0.9765478974470025,5,0,13.466441623818252
0.637323923262567,320,0.057395940583977685,0.30632788035323594,5,0,13.466441623818252
0.6178235878610339,320,0.458942200859953,0.4736148208525699,5,0,13.466441623818252
0.717119219838262,320,0.6560474302566411,0.5433723237226481,5,0,13.466441623818252
0.7886211253572881,320,0.5405753945899359,0.22429871050159064,5,0,13.466441623818252
0.5682425101975754,320,0.9630441656000264,0.8804367815447851,5,0,13.466441623818252
0.6428841482004815,1280,0.29768930547361017,0.7581807778944349,7,0,14.386391104178115
0.49827240804652195,1280,0.5227660197678916,0.27848223738478894,7,0,14.386391104178115
0.629996875926743,1280,0.98558154829143,0.6650955592194081,7,0,14.386391104178115
0.5561578789129205,1280,0.3126186900818489,0.778213562522621,7,0,14.386391104178115
0.4145005215270987,640,0.9435901829859344,0.5478257878986998,6,0,14.11125122329241
0.562471879174739,640,0.14308829866558204,0.7158347079101764,6,0,14.11125122329241
0.5960464848601544,320,0.5206121449469964,0.2771051320078231,5,0,13.590703399607946
0.48422391013004645,320,0.412085661068049,0.6180223806005953,5,0,13.590703399607946
0.6404069597761429,320,0.09280526948356028,0.6754449364991015,5,0,13.590703399607946
0.5242933900835717,320,0.04910371010423411,0.7567143585157595,5,0,13.590703399607946
0.7354891247454352,5120,0.8702882953029849,0.4269336682688723,9,0,14.819000116288723
0.6961657897925966,1280,0.4510177433541721,0.8822024287389527,7,0,14.672061527399318
0.5949705242948905,640,0.38882917406463724,0.6004928960117386,6,0,14.247534893339692
0.7528631697705914,640,0.4704949230451452,0.8002418856477059,6,0,14.247534893339692
0.5749626232107504,640,0.5934659905594991,0.3976311632594214,6,0,14.247534893339692
0.596370208485725,320,0.9930297114795992,0.4015649199701234,5,0,13.34442629541393
0.5717665471745861,320,0.38989351907587466,0.9531640782419463,5,0,13.34442629541393
0.6026292651187429,320,0.36036843558731696,0.7902107187743711,5,0,13.34442629541393
0.33622930816703755,320,0.39371473935145457,0.6087106850174306,5,0,13.34442629541393
0.8572678883344378,320,0.5185550965764907,0.8445432913485007,5,0,13.34442629541393
0.7144490012835174,5120,0.008600210270552492,0.5597613778009325,9,0,14.819000116288723
0.6383125302316102,2560,0.4120953866808828,0.19169742219724614,10,2,14.672061527399318
0.8959207879989246,1280,0.703640728730208,0.4111913129274933,7,0,14.527879537180944
0.6792993732010547,640,0.6583404508871096,0.8332632127303667,6,0,14.11125122329241
0.7702519481269505,640,0.007643581648352579,0.5790864561084399,6,0,14.11125122329241
0.5908292687458901,640,0.4530073829998369,0.8299493736492479,6,0,14.11125122329241
0.664647809247052,320,0.12546291521435315,0.8628692432568497,6,1,12.656829500141928
0.8877357094686096,320,0.07573816193434509,0.5387885703123754,7,2,12.656829500141928
0.7416344477751411,320,0.8609883331089044,0.9698625629123727,5,0,12.656829500141928
0.7692362283510279,320,0.5916998343905944,0.40737758412382646,5,0,12.656829500141928
0.5384711782592136,1280,0.4239375744170199,0.7402248789732395,7,0,14.819000116288723
0.6256264685164223,640,0.08440335379538141,0.14065846617898872,6,0,14.11125122329241
0.5578777752191735,640,0.18994403304184662,0.21953013771449897,6,0,14.11125122329241
0.5522820555365701,640,0.34044636910044546,0.5900271163479569,6,0,14.11125122329241
0.7476216988181774,640,0.9792933021081306,0.03676773158286638,6,0,14.11125122329241
0.7080908977684376,640,0.6313213289516112,0.2035227886410384,6,0,14.11125122329241
0.8322466097506649,320,0.9751849783577525,0.043331769922868676,5,0,13.34442629541393
0.6131960092134193,320,0.40822836836053994,0.845017688075516,5,0,13.34442629541393
0.5782548107977058,320,0.5288162893726865,0.04820736594363788,5,0,13.34442629541393
0.6866158794441002,320,0.5487022027477566,0.0053225277589439455,5,0,13.34442629541393
0.6037997571504742,2560,0.536158641369374,0.798189365723175,8,0,14.819000116288723
0.4278111691084512,1280,0.86189328027954,0.2794983501242594,7,0,14.672061527399318
0.7613445646006024,320,0.3649198248431049,0.024655389599502087,5,0,13.717262392350877
0.7569496051754037,320,0.5988509225327782,0.9698373465335451,5,0,13.717262392350877
0.6934721885605915,320,0.7363400746597931,0.32152180965243843,5,0,13.717262392350877
0.7705747432183515,320,0.7659623561871808,0.4325905992922869,5,0,13.717262392350877
0.5719991561456803,320,0.9307835810199213,0.6902140897284007,6,1,13.717262392350877
0.7608703367942546,320,0.5602336872243948,0.7674997577174979,7,2,13.717262392350877
0.5073373318178914,320,0.5458378296215736,0.2610157656203029,6,1,13.717262392350877
0.6161654545177818,160,0.1066942562497411,0.7852173992942333,4,0,12.237561289171703
0.7210779702503881,2560,0.14170724850388902,0.7554349036764502,8,0,14.819000116288723
0.5745628300056311,640,0.9063476610115604,0.4591153707547549,6,0,14.527879537180944
0.6354413330210641,640,0.6374764508099773,0.8644058559685297,6,0,14.527879537180944
0.661061445874008,320,0.3077731429337436,0.2606981273494957,6,1,13.466441623818252
0.7790180787221113,320,0.905474101538441,0.6907427217707094,5,0,13.466441623818252
0.7689735133737576,320,0.5054947760058057,0.3216895306591797,5,0,13.466441623818252
0.6092672573501655,320,0.20054854543425552,0.9317482513507633,5,0,13.466441623818252
0.5804452294671449,320,0.12088335784898135,0.01781545583256034,5,0,13.466441623818252
0.48889589171773234,320,0.5055904574935505,0.3210966868895982,5,0,13.466441623818252
0.598732149497573,320,0.3029158365789949,0.3693605545081143,5,0,13.466441623818252
0.8350402261855412,5120,0.6904806763116752,0.4114305414271017,12,3,14.819000116288723
0.7534014096663794,2560,0.8845456043578017,0.4612871871656502,8,0,14.672061527399318
0.6690490005743084,640,0.8058530677258228,0.6997386211198083,7,1,14.247534893339692
0.8436400731133974,640,0.2611816201558272,0.5744076221602139,7,1,14.247534893339692
0.5910392974321622,640,0.8017701592877859,0.10089594665891607,6,0,14.247534893339692
0.5096584191255942,320,0.43659215867612045,0.5340708597303734,5,0,13.590703399607946
0.6325448598654433,320,0.3322919043434311,0.4455013237047978,5,0,13.590703399607946
0.7139690970435775,320,0.7237536432244699,0.9355256241903784,5,0,13.590703399607946
0.6802205218075443,320,0.9296709585561885,0.46589064490587556,5,0,13.590703399607946
0.6893014806696925,320,0.6087296881240362,0.6320068356291442,5,0,13.590703399607946
0.6093278861157839,1280,0.6446263972167111,0.3870299668097637,7,0,14.527879537180944
0.6680658517605459,1280,0.38961577607985975,0.14385175408647208,7,0,14.527879537180944
0.656125980560047,1280,0.25648004854496437,0.49455474691340395,7,0,14.527879537180944
0.6356445427547477,640,0.7501669132593204,0.8807116608663615,6,0,14.11125122329241
0.7336680456248104,640,0.7346106195342796,0.3119851043598439,6,0,14.11125122329241
0.6492572818684548,640,0.23989221585835727,0.7960452776013026,6,0,14.11125122329241
0.5476724027270251,320,0.721833843994997,0.9366348099220656,6,1,13.34442629541393
0.6722114508685763,320,0.37144491854772455,0.17633825452622973,5,0,13.34442629541393
0.6338682633846414,320,0.3879443954789909,0.15881851030309774,5,0,13.34442629541393
0.6104796479369228,320,0.12950977104465797,0.4966891287856119,5,0,13.34442629541393
0.6249859302188376,1280,0.10048693151732176,0.5202111616019456,8,1,14.819000116288723
0.4692310708548365,640,0.018080088118814043,0.820554832515506,6,0,14.672061527399318
0.6572948855036701,320,0.766991785024316,0.37022804524124003,5,0,14.247534893339692
0.6819621483112516,320,0.5275815145856242,0.20154290042576656,5,0,14.247534893339692
0.7608660631967018,320,0.7701102529538898,0.08772633252294726,6,1,14.247534893339692
0.5332568173145655,160,0.326553599139796,0.7461221062367439,4,0,11.941812959577032
0.6503074749699749,160,0.39642611969684005,0.5253149417393485,4,0,11.941812959577032
0.5872862014639397,160,0.7812646544603307,0.6443213761253607,5,1,11.941812959577032
0.5301412219250146,160,0.8965254517802644,0.06445922090241046,4,0,11.941812959577032
0.6814852862711211,160,0.31229437497532486,0.284319310196541,4,0,11.941812959577032
0.6322222508069109,5120,0.12302185185902303,0.14172336281003867,9,0,14.819000116288723
0.9640599744641669,1280,0.19963248657058016,0.5127172238814334,11,4,14.527879537180944
0.5903383213884925,1280,0.3962263040063875,0.5091706660138304,7,0,14.527879537180944
0.7697604131980965,640,0.4855073701175606,0.5703410511658022,6,0,13.977482015429421
0.6782338396042984,640,0.3202403016256363,0.24920224067662375,7,1,13.977482015429421
0.42353320313070697,640,0.3572913711851194,0.23377695792489014,7,1,13.977482015429421
0.4936800905317434,640,0.35874678813435357,0.9025125969919511,6,0,13.977482015429421
0.677283567057696,320,0.8012259488841936,0.47477395088291396,5,0,13.590703399607946
0.5343284199948546,320,0.07340794327247203,0.9564018949845444,5,0,13.590703399607946
0.7727696615416214,320,0.9682770464418743,0.9056359893904156,7,2,13.590703399607946
0.6139153349966066,5120,0.5701059601605587,0.7231506842735284,9,0,14.819000116288723
0.7449601751971137,2560,0.8403454717209294,0.8435618877816315,8,0,14.672061527399318
0.6839947718701636,1280,0.18123880875023518,0.29756605936172625,8,1,14.386391104178115
0.7156231661039888,1280,0.09486819711161676,0.29559228183998176,7,0,14.386391104178115
0.5644659085486192,640,0.5676309033783514,0.6890265168158791,6,0,13.466441623818252
0.6172316969484117,640,0.14537292236545638,0.7998680845041996,6,0,13.466441623818252
0.45932067574844615,640,0.7679313636843615,0.45525119467105585,6,0,13.466441623818252
0.7444021076991213,640,0.3447987441626836,0.4426918541537644,6,0,13.466441623818252
0.5509674458622503,640,0.6446069771104228,0.5880190644028657,7,1,13.466441623818252
0.7574332647752487,640,0.5188419485606012,0.13838639811135423,6,0,13.466441623818252
0.5167098738489699,1280,0.3211387545275803,0.48359203017988606,7,0,14.819000116288723
0.830693210510121,640,0.28977269189552735,0.5303570815322652,6,0,13.590703399607946
0.5542318706353537,640,0.2760311303074143,0.05251809566939685,6,0,13.590703399607946
0.6171504422531774,640,0.41862119013786464,0.16825175795134215,7,1,13.590703399607946
0.6575217265803998,640,0.19702464731558417,0.6409213575708277,6,0,13.590703399607946
0.6554910748372711,640,0.13400580053824693,0.7138105093869868,7,1,13.590703399607946
0.5346335188014504,640,0.21498699809090974,0.9411609885618739,7,1,13.590703399607946
0.6068250881862024,640,0.38615191900009166,0.6948603847925899,7,1,13.590703399607946
0.7971267927517485,640,0.7844006691095582,0.986409180401477,6,0,13.590703399607946
0.6819567100739956,640,0.22769625610278096,0.9866361049900471,6,0,13.590703399607946
0.6254463819525162,10240,0.006767316402830369,0.4238274344046188,10,0,14.819000116288723
0.531996221302895,640,0.44344659407382175,0.058266489084263275,6,0,13.717262392350877
0.5115502219656503,640,0.19903587435942088,0.7080485652112842,7,1,13.717262392350877
0.6028554142570178,640,0.01620035382237897,0.39189732610711375,6,0,13.717262392350877
0.6717380701344527,640,0.019473446571309845,0.37838126729770716,6,0,13.717262392350877
0.5439071442378994,640,0.047163186520708736,0.40914230372997656,6,0,13.717262392350877
0.6665073122079496,640,0.21767866903503627,0.7960567313770008,7,1,13.717262392350877
0.6164412579209033,640,0.5116533152330481,0.06437546044208146,6,0,13.717262392350877
0.5092467413911539,640,0.8950842891203526,0.33322902664713633,6,0,13.717262392350877
0.6263298120174299,320,0.6446207740601263,0.3917959523086079,7,2,12.766360451150243
0.5243736508967993,5120,0.8391055361882075,0.1982796895781078,10,1,14.819000116288723
0.6683232405973201,2560,0.16319679628260694,0.46345959415321064,8,0,14.672061527399318
0.8116573744483091,1280,0.8013442403298632,0.11154897900446509,7,0,14.247534893339692
0.5869927097326302,1280,0.8226860422856495,0.7997612632007167,7,0,14.247534893339692
0.6102304960244913,1280,0.2608707769743783,0.5255501413166486,9,2,14.247534893339692
0.8218771985854163,640,0.8712465534280912,0.5860616284739968,6,0,13.977482015429421
0.6107693015428929,640,0.3400450001056051,0.3631368725078727,6,0,13.977482015429421
0.6203471114810504,320,0.5706757532295988,0.4396568075985421,5,0,12.339630253978747
0.6846902392277672,320,0.4800753100341955,0.3516593027016639,5,0,12.339630253978747
0.6983181801204181,320,0.3487051379489272,0.3631259636670833,5,0,12.339630253978747
0.6918899252444043,1280,0.6966282972470574,0.4728930568709432,7,0,14.819000116288723
0.6662045916076619,640,0.9772916211067834,0.38820749346458755,6,0,14.672061527399318
0.7626293204920886,320,0.6083476961293809,0.8837841728491366,5,0,13.466441623818252
0.42214919063369327,320,0.17779594872248783,0.010741211811024973,7,2,13.466441623818252
0.5405898300290424,320,0.320870394139685,0.3150764763000796,5,0,13.466441623818252
0.6414829690561791,320,0.9326599445112921,0.8027561122773966,5,0,13.466441623818252
0.7279623831761883,320,0.5836447778398829,0.4059564097870178,6,1,13.466441623818252
0.8377174868057524,320,0.24985804448288806,0.6852700840913464,6,1,13.466441623818252
0.4490632520143569,320,0.8989672029891344,0.8430443171803279,6,1,13.466441623818252
0.8991655712862876,320,0.37232833456558484,0.9162073720916086,6,1,13.466441623818252
0.6673015435933222,2560,0.9622022165008705,0.2162985953303119,8,0,14.672061527399318
0.7145751993054983,2560,0.7219444595576167,0.32385714134358945,8,0,14.672061527399318
0.7233546639030581,1280,0.6241647444354991,0.9240380062823605,9,2,14.527879537180944
0.7484277888802574,640,0.6279562150454844,0.9209911576449056,7,1,13.84617074474516
0.6702834185886087,640,0.7377321440784437,0.3298532148204577,6,0,13.84617074474516
0.6090996470932811,640,0.7260207328829562,0.33431103801475237,6,0,13.84617074474516
0.6593211832869521,640,0.49386698258253026,0.13515557723573934,6,0,13.84617074474516
0.5480439452509871,640,0.8734953605664885,0.9271736285968948,6,0,13.84617074474516
0.6087315017204403,320,0.6604319832181159,0.5617056536900612,5,0,12.877859845830088
0.6941512783801792,320,0.8802951869858309,0.8929221897932761,6,1,12.877859845830088
0.6837957892098337,1280,0.02729700375417831,0.3646008373743192,7,0,14.386391104178115
0.6833258029456725,1280,0.24732468381468486,0.5627693945243121,7,0,14.386391104178115
0.5933108773173008,1280,0.8256663855823193,0.45117377546101584,8,1,14.386391104178115
0.5151854328469176,1280,0.019256504849109114,0.29923727929439226,7,0,14.386391104178115
0.568546566640591,640,0.992810514178683,0.20367983039885537,6,0,13.717262392350877
0.6482589507738925,640,0.03299334989188804,0.29326314567148093,6,0,13.717262392350877
0.7060847267875047,640,0.21617938989694627,0.20410178728350695,6,0,13.717262392350877
0.5664760801845804,640,0.23659201305873917,0.5488459788904576,8,2,13.717262392350877
0.5845039647136695,640,0.02379228254960878,0.5355307004722623,6,0,13.717262392350877
0.768268610021935,320,0.9157002416962934,0.6637382459981988,6,1,12.766360451150243
0.4822288572445132,5120,0.4676208669512037,0.5712632967925987,9,0,14.672061527399318
0.6436086449921329,5120,0.13846991445744106,0.6413583347425607,9,0,14.672061527399318
0.7358339738448673,2560,0.8775400497964514,0.9427197467459283,8,0,14.527879537180944
0.6293576236848668,1280,0.98430709583471665,0.014754549534157363,7,0,14.11125122329241
0.5981158299283194,1280,0.5980869742731253,0.2175643433508607,8,1,14.11125122329241
0.722350390345348,1280,0.26189564002228355,0.6894089297289538,7,0,14.11125122329241
0.6637578583443273,640,0.09962519487268778,0.8114085569491248,6,0,13.717262392350877
0.5859781487937185,640,0.01606192468058559,0.15667539033969283,6,0,13.717262392350877
0.6552665790266398,640,0.14277363448538147,0.6391978418669984,6,0,13.717262392350877
0.7563491888410867,320,0.1383624606237594,0.6218441126170795,5,0,12.766360451150243
0.613732279469422,5120,0.8186590694335859,0.8008255870046733,9,0,14.819000116288723
0.7824464935228508,1280,0.3132003753640647,0.2941715122856181,7,0,14.672061527399318
0.5955967610493127,640,0.8876490918792025,0.11495587655542354,6,0,14.527879537180944
0.8971693776511784,320,0.6021512839259737,0.6246100954864341,5,0,13.466441623818252
0.7030166175487262,320,0.9143812880661357,0.8773406255186365,5,0,13.466441623818252
0.5923955857881664,320,0.5926089960472445,0.6144092821235774,7,2,13.466441623818252
0.5866534119276109,320,0.8449807618200241,0.643884540719689,6,1,13.466441623818252
0.741250642900156,320,0.08412726335366494,0.17219862698540278,5,0,13.466441623818252
0.7193175420713123,320,0.010094960271126004,0.17494413722190655,5,0,13.466441623818252
0.7742353787007439,320,0.8490263417557772,0.5392408577577021,5,0,13.466441623818252
0.6545258938982659,320,0.05959028650343937,0.442989205355427,5,0,13.717262392350877
0.5166647771235933,320,0.5429030842835835,0.8162559724125585,5,0,13.717262392350877
0.7152484020998552,320,0.6761846602813281,0.05869133108114796,5,0,13.717262392350877
0.6094651730044351,320,0.1985902476138366,0.531292495958331,5,0,13.717262392350877
0.5257901233979574,320,0.0068271243921596905,0.16906975457949833,5,0,13.717262392350877
0.5953020457275354,320,0.7149552758644099,0.21341837598566912,5,0,13.717262392350877
0.7699617056628438,320,0.7134455134142283,0.34705805628148106,5,0,13.717262392350877
0.6180444474887541,320,0.26762239117666486,0.8716558601697953,6,1,13.717262392350877
0.7206870338701598,320,0.2303280316928022,0.5538488859055907,5,0,13.717262392350877
0.6361328683848989,160,0.92429687433751,0.6021698972335391,4,0,12.137260033550547
0.6323485806841135,1280,0.19887265183184463,0.8745265364686297,7,0,14.819000116288723
0.7381591895979993,640,0.8352842677352181,0.1608492489672493,8,2,14.527879537180944
0.7915875948544301,640,0.5805238717645684,0.04091124074760621,6,0,14.527879537180944
0.6005009865993585,320,0.03174511631904402,0.7730547635531081,5,0,13.34442629541393
0.6116736221148248,320,0.13200896816671043,0.6063039749212081,5,0,13.34442629541393
0.48595970740158434,320,0.3669727410210658,0.9374108124461804,6,1,13.34442629541393
0.7146517369232982,320,0.7775433326941632,0.20918478198066837,7,2,13.34442629541393
0.7184693138507953,320,0.12489641711129738,0.6153572060790988,5,0,13.34442629541393
0.4348083656624031,320,0.6770030882010302,0.45394870549769356,5,0,13.34442629541393
0.5419860663996577,320,0.9085131212316028,0.37413967123245867,5,0,13.34442629541393
0.5796590894519914,1280,0.46548891008544285,0.3004457771080773,9,2,14.247534893339692
0.6771519222482544,1280,0.4805482669712614,0.3975016918885915,7,0,14.247534893339692
0.6408356640075212,1280,0.6031892869589082,0.9234542742670416,7,0,14.247534893339692
0.7999105636704099,1280,0.6826979016516802,0.9591176647760103,7,0,14.247534893339692
0.5029942482676322,1280,0.05097472405904413,0.6584532420401141,7,0,14.247534893339692
0.6407742048986215,640,0.03813992286406791,0.5607223963302407,6,0,13.84617074474516
0.6293725025342952,640,0.4675674020134339,0.3018732400951601,8,2,13.84617074474516
0.5493172834171868,640,0.45653281357505393,0.29448205625999774,7,1,13.84617074474516
0.6106076267124007,320,0.0717775644132154,0.4019213931516869,5,0,12.991371036766388
0.6173198476764549,320,0.26741995615652986,0.2055255968554585,5,0,12.991371036766388
0.6151850580451763,1280,0.8498777984015977,0.058721637437861435,7,0,14.819000116288723
0.5731767171823049,640,0.7476024447375009,0.6259202393355654,6,0,14.527879537180944
0.7449598848339125,640,0.441580992124845,0.7749203334606498,7,1,14.527879537180944
0.7263293545433137,320,0.24596971607262003,0.3485492773444406,6,1,13.84617074474516
0.9148766674720573,320,0.12702202954241515,0.378383949327176,5,0,13.84617074474516
0.6916175845508347,320,0.8036631299240691,0.1667057105353964,5,0,13.84617074474516
0.7037084517638271,320,0.8575504526428749,0.7710352463066226,5,0,13.84617074474516
0.5361956172747193,320,0.39899513741088705,0.9751444565461235,5,0,13.84617074474516
0.7754390056961911,160,0.3498119740522193,0.041397503870238196,6,2,12.991371036766388
0.7554560467684451,160,0.9345922396698995,0.930590531143559,4,0,12.991371036766388
0.6168895961525249,1280,0.9144340672249911,0.49505316687919276,7,0,14.819000116288723
0.7855701876695216,640,0.9936200497933751,0.4604469228927417,7,1,14.386391104178115
0.667402818302358,640,0.41948792132762125,0.7941069773245436,6,0,14.386391104178115
0.6024592755073652,640,0.30874736760557625,0.019653589281702962,6,0,14.386391104178115
0.5803303175690747,320,0.8449346106279345,0.7157506747518791,5,0,13.466441623818252
0.7946039263299886,320,0.026060150192577895,0.24231264798725904,5,0,13.466441623818252
0.7730814238799613,320,0.31722605826022726,0.024939049196322984,6,1,13.466441623818252
0.6057440593290809,320,0.3016510136108104,0.011693456980506358,5,0,13.466441623818252
0.6899271112457778,320,0.54453427270773,0.9301716151985512,5,0,13.466441623818252
0.6494979936236291,320,0.28684945127681194,0.03514600690773952,5,0,13.466441623818252
0.7038921294997803,5120,0.3256229222358311,0.8722689737199774,10,1,14.819000116288723
0.6824834609079078,2560,0.7877031618344658,0.19593810358325678,8,0,14.672061527399318
0.704615095010713,320,0.9481367503515264,0.28782037429775653,5,0,13.717262392350877
0.5117260197641996,320,0.17614584478702563,0.671753518151314,5,0,13.717262392350877
0.639161286485255,320,0.29662705698648273,0.6846955205367146,5,0,13.717262392350877
0.6247201171889026,320,0.2823471075459036,0.6309056360522443,5,0,13.717262392350877
0.47493825033203924,320,0.12837823422217917,0.20026486624375137,5,0,13.717262392350877
0.5009629014240498,320,0.02987551633662438,0.7391610756697161,5,0,13.717262392350877
0.5278491889030561,320,0.897363578958613,0.2985941438416751,5,0,13.717262392350877
0.5138753099615168,160,0.4207218261551464,0.007128618390007472,4,0,11.66100097246683
0.6560232903728966,10240,0.5520675978808668,0.4571232475521071,10,0,14.819000116288723
0.6824658858929731,2560,0.14551977471643088,0.8135975215211048,9,1,14.672061527399318
0.7196648249488717,1280,0.776740771047632,0.3253711470940257,8,1,14.527879537180944
0.550784896893254,640,0.6691252530577931,0.2887843247336238,6,0,13.717262392350877
0.6088820905832053,640,0.12863200423145546,0.3144404035633828,6,0,13.717262392350877
0.7073003054326433,640,0.7983026398028438,0.33973669880116125,8,2,13.717262392350877
0.6291634850836291,640,0.2595108188364414,0.7436436237871591,6,0,13.717262392350877
0.6451073312063729,640,0.4690772566691838,0.35758557610227654,8,2,13.717262392350877
0.43711653948413076,640,0.5562396584998408,0.4542673073166898,6,0,13.717262392350877
0.66337915534795,320,0.7460714081575659,0.5612181928170965,5,0,12.991371036766388
0.7576124286029028,5120,0.9920695278717122,0.15888441746025833,9,0,14.819000116288723
0.658885441517005,640,0.6995626057611677,0.13500464063911558,6,0,14.247534893339692
0.6909750022911771,640,0.1371722225092852,0.44707292681606253,6,0,14.247534893339692
0.5255713320790086,640,0.14972411235562755,0.6234137856352852,7,1,14.247534893339692
0.7620896178589205,640,0.2544211848773322,0.7881056907753557,6,0,14.247534893339692
0.6672308536662404,320,0.6792038182035293,0.37308726799488995,5,0,13.717262392350877
0.8140427893993771,320,0.9707291544106933,0.5459768832255785,8,3,13.717262392350877
0.6354433615753299,320,0.868717155524701,0.8729461097455032,5,0,13.717262392350877
0.5354094449490885,320,0.9360973358267817,0.15926048916588487,5,0,13.717262392350877
0.6028897046401012,160,0.37727258616099274,0.7062563847122594,4,0,11.481640005477301
0.7036952504917985,640,0.8815639628067298,0.40418602852845814,6,0,14.672061527399318
0.6998761653135752,640,0.11555397189314946,0.6937777655597647,6,0,14.672061527399318
0.668934682406842,320,0.4222328626557684,0.4524386498338047,5,0,13.224607976590615
0.5669329290755936,320,0.7327476253892893,0.034382914315760876,5,0,13.224607976590615
0.42786935438050533,320,0.48532681663136057,0.3015976009997006,5,0,13.224607976590615
0.5204650719205522,320,0.9574808200012744,0.6759385507106689,5,0,13.224607976590615
0.7242773976790968,320,0.6651706157046005,0.011009012741634428,5,0,13.224607976590615
0.78671690634598,320,0.8310065296228364,0.49391900427264174,6,1,13.224607976590615
0.6369874545916524,320,0.7688211446526039,0.143750942972447,5,0,13.224607976590615
0.7081932527740488,320,0.07148424904927872,0.3439061103541571,5,0,13.224607976590615
0.6799017348719727,5120,0.9732020883902036,0.029512261435509987,9,0,14.819000116288723
0.5393075063878552,1280,0.2897093736402116,0.2015325411301644,7,0,14.527879537180944
0.5834932895695119,1280,0.24699590895533452,0.3369229433047979,7,0,14.527879537180944
0.4779733233546,320,0.7573134206288693,0.19386475349878385,5,0,13.224607976590615
0.685161462462943,320,0.06621665603814841,0.639186522250402,5,0,13.224607976590615
0.5926088487321661,320,0.7631898988733319,0.17438617366625564,5,0,13.224607976590615
0.7883196664242272,320,0.7572515525366296,0.1623254006436623,6,1,13.224607976590615
0.5958220106227528,320,0.22909680843371807,0.13876693279700197,5,0,13.224607976590615
0.6929539463974256,320,0.5288346523421339,0.195361251486419,6,1,13.224607976590615
0.7436657058543308,320,0.42179969956736957,0.9794926337193494,5,0,13.224607976590615
0.6008741081683593,20480,0.9934722564845758,0.8552549987074581,11,0,14.819000116288723
0.4869902477998638,2560,0.08751940501700921,0.3775430131061883,8,0,14.672061527399318
0.5959543588986045,1280,0.373456955847993,0.22419521459192965,7,0,14.247534893339692
0.5891297299277722,1280,0.8191801150322461,0.701886977206925,7,0,14.247534893339692
0.7284989180860659,1280,0.05963649670709277,0.36592961619932446,7,0,14.247534893339692
0.6709025605323964,640,0.01774648030459955,0.9733475541999443,6,0,13.84617074474516
0.6183403066835775,640,0.06630014149536986,0.31866713078919595,6,0,13.84617074474516
0.5730581270733436,640,0.08040472724016257,0.43307035108819714,6,0,13.84617074474516
0.6913522480272202,320,0.5439452084443944,0.6316680465535311,5,0,13.224607976590615
0.6419392487456241,320,0.9214626780192169,0.6314093772013816,5,0,13.224607976590615
0.5676397493750058,2560,0.7769099203186267,0.33626365804678726,8,0,14.819000116288723
0.5487428375511701,1280,0.018448672271264135,0.22314718120675814,8,1,14.527879537180944
0.5402668701250997,1280,0.6485995224778962,0.7288285982876145,7,0,14.527879537180944
0.572473898314528,640,0.7405384415274124,0.8398235577763294,6,0,14.247534893339692
0.70028722252488,640,0.3617301624585684,0.6605874401927272,6,0,14.247534893339692
0.5817783811759893,320,0.5669890615697579,0.38767408494332534,6,1,13.106938521330846
0.5254528986205039,320,0.3131021273343254,0.5551272683941403,5,0,13.106938521330846
0.5377200964646587,320,0.6424627177167073,0.12537817506986063,6,1,13.106938521330846
0.7400983671379795,320,0.32332497690595796,0.5357101998183024,5,0,13.106938521330846
0.6211174416636521,320,0.9920983469526085,0.323998501930914,5,0,13.106938521330846
0.6773201948695273,10240,0.5380344815941445,0.48749002934067476,11,1,14.819000116288723
0.7388151523071997,2560,0.8485530323629263,0.7246161859762851,8,0,14.672061527399318
0.6093891425722666,1280,0.7875425129948156,0.8163741257803895,7,0,14.527879537180944
0.65570140139532,640,0.5423951789004663,0.4965289801611699,6,0,14.11125122329241
0.6283056469274895,640,0.5462044391917779,0.5352522449577181,6,0,14.11125122329241
0.5813256856604342,640,0.37626082437177794,0.09599845988365512,6,0,14.11125122329241
0.5198982438779948,320,0.6275242812878253,0.21557168927465323,5,0,13.224607976590615
0.6094232217689449,320,0.7657378402385694,0.5173568748428825,5,0,13.224607976590615
0.7600441870904988,320,0.1884547967037455,0.6678785915898892,6,1,13.224607976590615
0.6842296814320469,320,0.8052692792345932,0.05868866818433451,6,1,13.224607976590615
0.5020226911926194,5120,0.758576580669629,0.980640689169395,9,0,14.819000116288723
0.6698480720932456,1280,0.014324639227695356,0.46940743259214496,7,0,14.527879537180944
0.6162208218340702,1280,0.6378152491061471,0.07607603633072024,7,0,14.527879537180944
0.6739653315205536,640,0.9153677719293061,0.6742940282087717,6,0,14.11125122329241
0.6523537965316977,640,0.11888687217038181,0.928995795268797,6,0,14.11125122329241
0.7613577849701249,640,0.15593759042664956,0.27938241084263804,6,0,14.11125122329241
0.5558562601609376,320,0.19165017606403253,0.7976843177906205,5,0,12.991371036766388
0.7019220139356378,320,0.1967588193536231,0.8249514487314858,6,1,12.991371036766388
0.7019971666769046,320,0.913170619963886,0.10288778425481597,8,3,12.991371036766388
0.628986453883134,320,0.31651815047038173,0.8637498818124779,5,0,12.991371036766388
0.7123611091302585,5120,0.012493694816201703,0.9862265031905243,9,0,14.819000116288723
0.7537010060140017,2560,0.7307245033661098,0.29918884117369404,8,0,14.672061527399318
0.5518226807838171,1280,0.35170246435871433,0.6518932026556105,7,0,14.527879537180944
0.5648538049155118,640,0.9285015503711425,0.15001855239698395,6,0,14.386391104178115
0.5180787003115369,320,0.7208818002946823,0.4010854399501258,5,0,13.977482015429421
0.6647136522926715,320,0.3915588915619109,0.44209334688766194,5,0,13.977482015429421
0.6721586953439631,320,0.1921145664122586,0.08912856691396467,6,1,13.977482015429421
0.5023729158676897,160,0.2704019289561061,0.22189069200835346,4,0,12.237561289171703
0.59564386072134,160,0.3701368198180988,0.7325562992960271,4,0,12.237561289171703
0.7018395937477006,160,0.3596051970800264,0.5132669431067058,4,0,12.237561289171703
