subject,treatment,months,time
1,Control,0,25.8
1,Control,2,12.8667
1,Control,4,16.4666
2,Control,0,41.1999
2,Control,2,34.6666
2,Control,4,36.4666
3,Control,0,37.7333
3,Control,2,37.2
3,Control,4,16.2666
4,Control,0,21.7333
4,Control,2,23.0666
4,Control,4,30.5333
5,Control,0,30.6
5,Control,2,33.1333
5,Control,4,29.6666
6,Control,0,59.0666
6,Control,2,42.4
6,Control,4,21.4
7,Control,0,39.1333
7,Control,2,26.4666
7,Control,4,11.2666
8,Control,0,15.2
8,Control,2,24.2666
8,Control,4,33.9333
9,Control,0,47.0666
9,Control,2,33.2666
9,Control,4,12.3333
10,Control,0,50.3999
10,Control,2,24.6666
10,Control,4,31.6666
11,Sema,0,42.4
11,Sema,2,57.4666
11,Sema,4,69.9999
12,Sema,0,19.4666
12,Sema,2,57.5333
12,Sema,4,63.1333
13,Sema,0,36.7333
13,Sema,2,51.3999
13,Sema,4,71.2666
14,Sema,0,40
14,Sema,2,48.8
14,Sema,4,54.8666
15,Sema,0,49.6666
15,Sema,2,27.2666
15,Sema,4,53.9999
16,Sema,0,15.9333
16,Sema,2,44.6666
16,Sema,4,66.5999
17,Sema,0,33.1333
17,Sema,2,54.1999
17,Sema,4,61.3333
18,Sema,0,37.9333
18,Sema,2,53.0666
18,Sema,4,43.7333
19,Sema,0,67.4666
19,Sema,2,36.5333
19,Sema,4,66.5999
20,Sema,0,23.4666
20,Sema,2,55.2666
20,Sema,4,42.8
21,CR,0,66.9333
21,CR,2,17.4666
21,CR,4,19.2666
22,CR,0,45.4
22,CR,2,59.4666
22,CR,4,16
23,CR,0,40.4666
23,CR,2,37.6666
23,CR,4,40.5333
24,CR,0,25.2
24,CR,2,33.8
24,CR,4,34.2666
25,CR,0,50.5999
25,CR,2,45.8
25,CR,4,34.2
26,CR,0,12.6667
26,CR,2,44.5333
26,CR,4,37.2
27,CR,0,50.6666
27,CR,2,22.9333
27,CR,4,48.6666
28,CR,0,12.6667
28,CR,2,32.2666
28,CR,4,58.5333
29,CR,0,32.2
29,CR,2,31.9333
29,CR,4,27.0666
30,CR,0,5.13333
30,CR,2,31.4
30,CR,4,44.2666
