Gender,Age,TeachingExp,EmotionalLabor,SurfaceActing,DeepActing,EmotionalExpression,CareerCommitment,SocialSupport,SubjectiveSupport,ObjectiveSupport,SupportUtilization,Wellbeing,HealthWorries,EnergyLevel,LifeSatisfaction,Depressed,EmotionalBehaviorControl,Relaxed
1,31,1,48,13,20,15,31,45,26,12,7,101,6,24,9,22,17,23
2,27,7,41,9,19,13,23,31,16,9,6,47,4,14,7,5,13,4
2,30,1,38,10,16,12,28,27,15,5,7,96,7,22,9,21,14,23
2,23,1,39,11,16,12,21,36,20,10,6,71,8,16,4,15,12,16
2,21,1,39,9,17,13,19,43,28,9,6,73,8,15,5,15,12,18
2,22,2,35,7,16,12,21,22,14,2,6,81,7,19,5,16,14,20
2,24,2,28,4,12,12,18,47,20,16,11,84,9,19,6,17,14,19
2,24,4,39,10,16,13,31,39,22,9,8,93,14,22,6,18,14,19
2,28,6,42,9,18,15,18,41,23,10,8,66,10,11,4,14,9,18
2,32,4,38,10,16,12,9,36,23,9,4,66,6,15,6,13,10,16
2,33,3,43,12,17,14,27,39,22,9,8,73,9,17,7,16,10,14
2,29,1,38,10,15,13,21,41,24,9,8,78,6,20,6,16,11,19
2,30,1,37,9,16,12,26,33,21,6,6,75,9,16,6,15,14,15
2,34,5,41,9,19,13,18,53,29,13,11,82,8,18,6,18,13,19
1,25,1,41,14,14,13,20,26,15,6,5,64,7,11,5,12,14,15
2,31,10,42,7,20,15,28,43,27,10,6,93,14,21,7,20,8,23
2,28,4,43,11,19,13,27,34,23,3,8,82,6,23,7,10,16,20
2,33,5,32,6,14,12,33,38,24,8,6,78,10,22,8,14,10,14
2,30,10,30,3,15,12,15,37,20,7,10,83,12,18,7,15,15,16
2,30,2,40,12,16,12,28,39,26,6,7,73,7,21,7,13,15,10
2,24,2,35,3,18,14,25,37,19,10,8,78,7,17,9,14,12,19
2,27,5,30,6,12,12,20,36,20,9,7,63,10,17,5,11,13,7
2,37,5,37,10,15,12,23,27,18,2,7,51,5,10,4,11,8,13
2,30,6,41,13,17,11,24,42,24,11,7,88,9,22,10,21,13,13
2,26,6,34,3,20,11,21,36,20,9,7,64,5,11,7,18,12,11
2,27,4,35,5,17,13,21,33,19,8,6,73,14,15,6,12,11,15
2,25,0,38,7,18,13,22,38,23,7,8,98,6,26,5,22,15,24
2,29,3,45,10,20,15,30,38,24,6,8,102,7,28,10,21,13,23
1,24,2,42,10,17,15,22,29,16,4,9,49,6,11,5,10,9,8
2,28,4,35,8,15,12,26,34,20,7,7,67,6,20,6,13,11,11
1,26,1,38,10,18,10,19,31,16,9,6,89,13,18,6,20,14,18
2,24,1,41,14,16,11,7,41,27,6,8,62,11,12,4,10,10,15
2,27,4,35,6,18,11,17,40,25,7,8,81,8,15,9,18,14,17
1,27,1,35,10,13,12,17,39,22,7,10,67,8,16,5,15,11,12
2,25,5,34,9,14,11,9,31,16,7,8,53,12,11,5,10,11,4
2,34,12,36,10,17,9,28,46,28,10,8,105,16,25,6,19,15,24
2,34,9,50,15,20,15,23,47,29,9,9,101,6,26,7,22,15,25
2,23,2,38,9,17,12,24,33,18,9,6,71,5,18,5,15,11,17
2,33,4,43,9,20,14,19,52,28,14,10,58,5,13,5,13,9,13
2,24,2,37,8,16,13,20,36,23,7,6,78,10,16,4,15,14,19
2,32,10,41,12,16,13,25,39,24,7,8,75,7,17,5,17,10,19
1,32,1,35,8,16,11,25,29,20,4,5,74,15,16,5,13,12,13
1,27,1,45,12,19,14,25,32,19,8,5,83,8,21,5,18,13,18
1,26,1,44,14,17,13,28,36,23,5,8,90,7,24,8,18,12,21
2,32,13,39,10,17,12,23,46,31,8,7,67,5,15,6,13,9,19
2,27,4,38,11,16,11,27,43,26,9,8,75,7,19,7,16,13,13
2,35,8,42,11,17,14,19,39,22,9,8,62,11,11,7,13,11,9
2,32,10,34,8,15,11,21,31,19,7,5,66,5,18,5,15,11,12
2,28,3,31,15,8,8,13,26,13,6,7,60,8,7,5,12,12,16
2,24,1,43,10,18,15,22,31,17,6,8,71,7,9,6,15,12,22
2,22,1,39,10,16,13,29,41,24,11,6,77,8,18,7,17,12,15
1,30,5,50,15,20,15,21,37,21,8,8,63,7,13,4,11,13,15
2,32,0,30,5,16,9,26,32,18,8,6,50,15,7,6,5,12,5
2,32,1,34,6,16,12,21,43,25,9,9,72,11,13,5,15,11,17
2,30,6,36,8,16,12,22,41,21,14,6,77,7,17,6,16,13,18
2,27,3,32,6,14,12,25,36,20,10,6,76,7,19,6,16,12,16
2,32,8,32,6,15,11,27,46,24,11,11,91,8,23,8,19,14,19
1,34,1,38,11,18,9,29,33,20,7,6,90,12,23,6,18,14,17
2,23,2,49,14,20,15,33,44,27,11,6,75,5,20,10,14,12,14
2,23,1,34,7,17,10,18,26,15,4,7,62,7,10,4,14,12,15
2,32,5,38,6,17,15,34,41,25,10,6,89,9,22,8,20,12,18
2,33,6,38,9,17,12,25,28,15,7,6,59,9,16,6,13,8,7
2,24,1,44,11,19,14,22,41,23,9,9,83,9,19,7,17,13,18
2,33,4,44,10,19,15,28,55,29,16,10,73,9,18,5,16,12,13
2,35,3,38,8,17,13,26,45,27,10,8,92,5,21,10,20,13,23
2,36,10,29,5,12,12,27,42,26,8,8,76,10,21,6,13,10,16
2,23,1,42,10,18,14,23,32,18,9,5,76,9,19,6,16,10,16
2,20,1,31,6,15,10,25,34,19,8,7,54,6,7,7,16,11,7
2,32,9,47,13,20,14,35,51,31,10,10,99,12,23,8,19,15,22
2,51,31,38,11,15,12,18,37,22,7,8,74,5,22,6,15,11,15
2,24,2,37,8,17,12,26,45,29,9,7,92,8,20,10,20,13,21
2,31,1,40,12,16,12,24,38,21,7,10,67,7,15,4,14,10,17
2,39,10,35,4,17,14,28,47,28,11,8,103,6,26,9,22,15,25
2,28,3,32,8,15,9,20,40,22,9,9,87,8,21,8,18,14,18
2,28,6,33,8,13,12,33,43,22,10,11,78,7,20,8,17,13,13
1,27,0,32,5,15,12,25,43,22,13,8,96,8,24,6,21,14,23
1,29,4,37,11,16,10,32,47,28,12,7,96,9,25,8,20,14,20
2,26,5,34,6,16,12,32,45,26,11,8,64,5,13,5,13,13,15
1,26,3,36,11,14,11,22,40,20,11,9,98,10,24,9,16,17,22
2,32,9,49,14,20,15,35,42,27,10,5,103,15,24,8,19,13,24
2,36,4,38,9,16,13,18,27,15,7,5,80,7,23,3,18,11,18
2,30,3,40,8,19,13,26,46,29,11,6,85,8,18,10,17,12,20
2,22,0,33,3,15,15,25,38,25,6,7,76,10,17,5,14,12,18
2,33,11,41,9,17,15,21,34,16,9,9,83,11,17,4,18,15,18
2,24,1,36,12,13,11,35,38,24,9,5,74,7,17,7,16,10,17
2,30,8,41,10,17,14,22,41,24,10,7,81,11,15,5,17,15,18
2,30,6,46,13,20,13,35,48,27,12,9,77,7,21,7,12,13,17
2,33,8,34,9,16,9,28,38,26,5,7,74,7,19,5,9,15,19
2,36,10,35,8,16,11,26,47,26,10,11,60,6,14,6,13,10,11
2,30,2,26,4,13,9,20,37,18,10,9,67,13,12,4,13,7,18
2,24,2,42,12,18,12,19,33,16,9,8,59,6,12,5,13,9,14
2,33,4,29,8,12,9,27,41,20,10,11,71,15,11,4,10,11,20
2,35,7,41,13,16,12,21,20,9,4,7,58,7,13,5,11,10,12
2,30,2,41,11,17,13,35,47,30,7,10,83,6,23,7,17,14,16
2,35,8,40,8,19,13,21,30,13,10,7,77,7,20,7,18,10,15
2,31,6,40,7,19,14,24,43,22,9,12,83,6,20,7,19,11,20
2,29,3,34,7,15,12,22,45,24,12,9,66,10,19,2,10,8,17
2,38,16,36,10,18,8,13,48,26,12,10,85,11,19,8,17,13,17
2,35,6,35,8,16,11,20,40,24,9,7,48,8,11,3,5,13,8
2,26,4,33,5,14,14,22,38,25,7,6,51,5,10,6,8,10,12
2,30,7,39,5,20,14,22,34,21,6,7,62,5,16,6,12,11,12
1,33,4,40,12,16,12,28,38,21,8,9,67,5,13,7,14,10,18
2,36,5,37,9,17,11,24,48,28,10,10,59,5,10,5,19,9,11
2,26,1,39,12,16,11,8,36,20,8,8,56,6,15,5,11,8,11
2,31,7,35,3,20,12,35,48,30,11,7,73,5,12,6,20,12,18
2,28,4,36,7,17,12,14,39,27,6,6,64,5,17,7,11,11,13
2,26,5,36,7,18,11,34,48,30,11,7,84,9,21,8,14,15,17
2,36,15,47,14,19,14,29,35,21,9,5,77,11,18,6,14,12,16
2,42,7,23,8,9,6,18,49,29,11,9,57,5,13,7,13,8,11
2,40,7,35,5,20,10,23,50,28,14,8,63,7,11,8,13,9,15
1,29,4,39,7,18,14,30,26,12,7,7,80,6,18,7,16,14,19
2,35,5,34,8,16,10,22,33,23,4,6,72,14,14,5,11,11,17
1,25,0,39,7,19,13,25,33,18,9,6,63,11,9,7,7,12,17
2,30,9,35,7,17,11,21,38,19,10,9,61,5,13,7,13,10,13
2,30,2,37,10,14,13,30,47,28,11,8,88,7,25,7,20,15,14
2,32,11,40,12,16,12,26,54,31,14,9,77,7,24,5,20,9,12
2,32,7,42,12,17,13,13,36,23,7,6,96,12,23,5,19,15,22
2,31,8,43,12,17,14,34,42,26,9,7,74,5,22,7,18,11,11
2,30,8,46,12,19,15,35,45,28,10,7,82,5,23,6,18,10,20
2,31,8,49,14,20,15,35,46,27,10,9,85,15,20,6,17,11,16
2,26,4,43,10,18,15,31,36,16,10,10,77,7,18,8,16,12,16
1,23,1,43,10,18,15,26,42,26,9,7,70,10,18,6,12,11,13
2,30,7,39,7,18,14,19,35,22,6,7,63,6,14,4,13,10,16
2,25,1,44,9,20,15,29,48,27,11,10,76,5,18,10,17,11,15
2,24,1,37,6,18,13,30,43,27,10,6,83,6,21,5,18,13,20
2,29,5,40,12,16,12,21,34,23,6,5,72,5,18,6,16,8,19
2,37,10,48,14,19,15,31,40,25,8,7,68,6,15,8,12,11,16
2,22,0,40,8,17,15,21,28,15,4,9,49,6,13,5,6,11,8
2,29,2,39,11,15,13,16,33,25,3,5,58,8,9,3,11,14,13
2,26,5,39,8,20,11,26,41,27,8,6,112,12,25,10,22,17,26
2,31,1,38,12,14,12,22,44,27,8,9,72,7,13,6,18,11,17
2,24,0,42,9,18,15,20,35,19,7,9,83,7,20,7,16,14,19
2,25,3,36,8,18,10,24,38,19,12,7,63,10,12,3,14,8,16
2,25,4,46,11,20,15,35,34,22,5,7,109,7,28,11,22,15,26
2,33,4,40,12,16,12,21,44,25,12,7,78,7,16,9,16,12,18
2,22,1,39,6,18,15,29,39,21,9,9,99,8,23,10,21,13,24
2,29,5,43,8,20,15,26,37,21,8,8,82,9,19,8,17,11,18
2,24,0,34,9,15,10,23,31,17,6,8,59,5,15,7,13,9,10
2,36,4,12,4,5,3,14,48,26,11,11,76,6,19,10,18,12,11
1,28,1,30,10,10,10,7,30,15,8,7,41,10,5,2,4,14,6
2,23,1,37,14,15,8,9,28,14,7,7,53,6,8,5,9,12,13
2,30,12,46,11,20,15,19,37,19,10,8,67,8,13,7,16,10,13
2,26,2,35,4,16,15,14,37,18,12,7,70,7,15,4,14,13,17
2,28,7,31,6,15,10,20,46,29,10,7,82,6,19,9,19,13,16
2,31,8,39,11,16,12,28,46,27,8,11,91,6,23,9,17,14,22
2,25,4,38,9,16,13,21,35,19,7,9,72,7,17,5,15,15,13
2,24,0,38,3,20,15,15,38,20,9,9,96,7,26,6,21,13,23
2,26,2,34,7,16,11,18,30,17,7,6,70,9,13,6,15,13,14
2,32,10,39,7,17,15,14,28,15,8,5,46,7,11,2,7,13,6
2,38,6,34,11,13,10,12,33,16,6,11,71,14,16,5,14,9,13
2,39,17,32,6,16,10,19,48,29,12,7,65,5,13,5,15,13,14
2,24,1,35,9,15,11,20,20,14,2,4,74,10,17,6,14,11,16
2,27,9,36,10,14,12,20,30,16,8,6,78,10,19,7,14,11,17
2,23,0,37,11,14,12,21,37,20,11,6,96,9,22,9,18,16,22
2,25,1,41,7,19,15,31,54,28,16,10,86,7,25,10,16,10,18
2,31,10,37,9,16,12,24,40,22,9,9,89,10,20,10,16,14,19
2,26,3,44,10,20,14,8,35,20,9,6,60,5,15,5,13,11,11
2,25,2,38,10,16,12,20,41,23,9,9,62,7,17,4,15,5,14
2,28,3,38,5,18,15,16,32,18,8,6,68,6,14,7,16,11,14
2,30,12,49,14,20,15,35,40,23,9,8,57,5,11,6,11,10,14
2,34,4,40,8,17,15,35,48,29,10,9,88,9,24,8,19,12,16
2,24,0,42,11,20,11,34,33,19,7,7,93,7,22,9,21,14,20
2,42,20,34,8,15,11,25,52,31,12,9,96,7,20,9,22,16,22
1,23,2,30,9,12,9,15,28,16,4,8,75,16,13,5,14,14,13
1,30,3,30,8,14,8,17,25,16,6,3,83,16,20,7,15,10,15
2,22,2,36,10,18,8,21,38,22,9,7,65,10,12,5,11,11,16
2,25,2,38,8,17,13,20,42,19,15,8,82,8,21,8,18,13,14
2,,20,30,12,12,6,11,36,22,7,7,64,7,13,6,11,10,17
2,24,1,28,4,15,9,16,29,19,3,7,66,5,11,8,16,10,16
2,25,0,33,5,16,12,22,35,22,7,6,75,13,12,8,12,14,16
2,41,5,46,14,19,13,35,43,27,8,8,48,7,9,5,8,12,7
2,25,5,39,13,15,11,23,46,23,12,11,88,9,23,10,17,11,18
2,30,0,38,6,17,15,25,45,28,9,8,71,10,13,8,13,9,18
2,27,2,43,8,20,15,23,30,17,7,6,88,9,22,9,17,15,16
2,28,6,35,4,16,15,19,28,15,8,5,59,4,15,4,15,10,11
2,27,6,42,9,18,15,25,33,14,11,8,72,9,15,6,14,11,17
2,30,6,43,10,20,13,21,38,26,8,4,84,10,20,8,13,13,20
2,33,5,34,6,16,12,11,44,28,9,7,79,8,21,6,16,12,16
2,27,1,42,7,20,15,24,33,22,4,7,53,7,5,2,12,14,13
2,32,3,38,12,14,12,35,41,23,11,7,93,13,22,10,17,11,20
2,27,5,35,11,15,9,21,42,22,11,9,66,11,12,5,15,10,13
2,31,3,31,4,13,14,26,38,21,8,9,79,9,20,7,15,13,15
2,27,5,36,6,15,15,15,49,28,12,9,87,11,17,7,19,14,19
2,31,4,30,4,19,7,23,32,20,7,5,75,10,16,6,14,12,17
2,22,1,37,10,16,11,23,38,23,9,6,78,8,19,6,15,13,17
2,31,5,44,10,20,14,31,43,28,8,7,67,10,15,5,12,11,14
2,22,3,40,12,17,11,23,30,14,11,5,68,10,14,6,13,10,15
2,26,4,36,8,17,11,11,50,30,12,8,64,5,10,9,9,11,20
2,22,2,33,6,16,11,21,37,20,10,7,77,11,18,7,14,11,16
2,33,5,44,12,19,13,27,37,24,7,6,75,10,16,6,14,13,16
2,35,3,41,7,20,14,33,43,24,11,8,81,7,24,9,18,12,11
2,33,5,35,3,19,13,33,43,25,10,8,86,15,19,5,12,14,21
1,33,3,15,6,4,5,10,39,25,8,6,85,7,22,11,16,14,15
2,35,15,37,3,19,15,35,49,27,10,12,78,5,20,8,20,14,11
2,25,2,42,9,18,15,32,40,23,9,8,90,7,21,6,20,14,22
2,29,3,38,8,17,13,14,34,17,9,8,82,7,15,6,18,14,22
2,36,7,40,6,20,14,23,46,29,9,8,65,7,17,10,10,12,9
2,27,8,39,9,17,13,21,22,13,2,7,58,4,15,4,13,12,10
2,30,5,38,8,17,13,24,47,28,11,8,80,6,17,7,16,13,21
2,32,6,44,15,17,12,34,51,28,14,9,85,9,20,8,20,13,15
2,35,10,32,6,14,12,18,41,25,6,10,67,7,19,5,13,10,13
2,36,,43,13,16,14,31,55,25,19,11,67,10,13,6,14,11,13
2,30,3,25,7,8,10,18,41,26,8,7,73,8,16,6,16,11,16
2,35,11,38,11,16,11,26,52,29,13,10,81,11,18,7,14,13,18
2,23,3,36,6,16,14,15,31,17,7,7,45,7,7,6,6,10,9
2,50,24,44,12,19,13,28,35,21,6,8,69,5,16,5,15,14,14
2,29,4,41,14,17,10,26,37,21,7,9,62,5,10,6,13,14,14
2,24,0,34,3,16,15,28,35,21,6,8,58,7,14,3,14,9,11
2,33,5,35,10,15,10,21,40,26,7,7,64,6,14,6,14,11,13
2,36,8,32,10,11,11,25,40,24,9,7,86,12,17,10,18,13,16
2,32,4,37,7,17,13,24,35,22,7,6,62,9,9,5,12,13,14
2,29,6,42,11,17,14,31,51,27,16,8,96,5,26,10,19,14,22
2,32,7,40,9,17,14,21,41,24,9,8,73,8,20,7,16,11,11
2,33,8,46,12,19,15,33,42,27,5,10,94,2,26,10,17,14,25
2,28,2,34,7,16,11,24,40,24,8,8,83,11,19,7,18,9,19
1,28,4,34,8,17,9,20,20,12,3,5,55,5,11,5,9,16,9
2,24,1,35,10,14,11,21,36,21,8,7,77,6,20,4,19,10,18
2,43,4,37,11,14,12,22,45,24,11,10,71,10,15,6,14,11,15
2,35,14,42,8,19,15,22,32,17,9,6,82,15,12,5,14,14,22
2,36,12,44,9,20,15,24,41,22,10,9,66,6,16,8,13,13,10
2,33,8,39,8,20,11,25,39,23,8,8,84,9,14,9,16,15,21
2,30,7,33,9,14,10,27,32,15,9,8,78,10,20,4,15,12,17
2,30,7,37,11,15,11,31,41,25,8,8,86,6,18,10,18,16,18
2,23,3,41,6,20,15,13,34,17,10,7,62,9,11,3,14,9,16
2,26,3,21,5,11,5,17,35,26,3,6,64,9,16,5,12,9,13
2,51,5,41,15,16,10,35,51,31,9,11,105,7,28,10,22,12,26
2,27,3,39,11,16,12,34,41,22,12,7,88,12,21,8,17,12,18
2,33,12,45,11,20,14,29,45,24,11,10,81,7,22,5,22,11,14
2,31,10,27,7,12,8,16,23,15,2,6,63,10,9,7,13,12,12
2,34,4,33,10,13,10,22,33,21,5,7,80,12,17,6,15,12,18
2,33,13,40,11,15,14,17,40,22,9,9,70,7,16,10,14,13,10
2,25,2,34,6,15,13,18,32,14,10,8,72,7,17,4,15,12,17
2,25,3,31,9,12,10,22,42,27,8,7,72,12,16,7,15,9,13
2,39,11,42,7,20,15,23,52,27,13,12,85,5,17,7,21,13,22
2,22,0,33,8,15,10,18,36,22,8,6,64,6,17,4,14,11,12
2,32,10,39,10,14,15,32,37,22,7,8,76,7,21,5,14,12,17
2,30,4,40,13,19,8,27,43,26,8,9,76,10,16,6,17,12,15
2,31,3,38,7,17,14,23,33,17,9,7,67,5,16,6,14,9,17
2,31,5,25,8,10,7,11,31,18,6,7,49,5,12,5,7,12,8
1,39,3,41,11,17,13,27,26,14,5,7,82,7,21,7,18,14,15
2,35,3,38,5,18,15,33,31,19,4,8,102,9,25,9,21,14,24
2,37,,46,13,19,14,32,53,30,15,8,84,6,21,7,19,10,21
2,43,20,36,9,16,11,27,42,30,6,6,77,14,18,6,18,10,11
2,30,4,38,10,14,14,23,36,22,8,6,58,5,17,6,9,10,11
2,52,,43,11,18,14,28,47,28,10,9,84,7,21,7,19,15,15
2,32,1,35,6,17,12,23,27,13,7,7,61,9,11,5,12,11,13
2,40,10,40,10,16,14,15,45,30,5,10,38,3,6,5,6,13,5
2,,19,48,13,20,15,33,50,23,17,10,79,7,23,9,18,9,13
1,30,1,30,8,12,10,20,31,18,5,8,86,5,23,9,16,10,23
2,24,1,30,9,12,9,11,25,9,10,6,48,5,6,4,16,9,8
1,25,2,33,10,13,10,21,38,21,9,8,66,8,21,7,8,9,13
2,27,5,50,15,20,15,35,43,23,10,10,86,11,16,9,14,14,22
2,29,7,22,7,9,6,15,35,20,8,7,57,5,11,4,14,10,13
2,25,3,43,8,20,15,26,44,22,11,11,84,6,24,9,15,12,18
1,25,2,34,11,13,10,20,24,16,5,3,62,10,15,5,11,10,11
2,45,17,38,12,15,11,27,26,11,8,7,51,2,13,11,5,14,6
2,42,17,39,9,17,13,28,44,28,6,10,86,5,23,10,19,10,19
2,25,3,38,12,14,12,22,31,16,8,7,69,10,14,5,13,11,16
2,28,2,38,6,20,12,35,48,27,11,10,88,5,24,8,18,14,19
2,26,3,40,11,17,12,28,46,29,8,9,82,7,18,7,16,13,21
2,32,7,36,9,16,11,33,28,17,6,5,59,5,17,5,14,9,9
2,35,11,38,8,17,13,27,38,23,6,9,68,9,16,4,14,10,15
2,23,1,49,14,20,15,34,52,23,17,12,85,7,20,6,22,9,21
2,32,2,44,9,20,15,35,54,30,12,12,77,8,18,8,16,10,17
2,22,1,32,7,14,11,15,42,25,9,8,66,11,14,5,14,9,13
2,38,7,47,14,18,15,34,53,29,15,9,69,7,18,5,14,11,14
2,33,7,47,13,19,15,27,47,26,12,9,110,9,27,10,22,17,25
2,24,2,47,14,19,14,27,39,26,6,7,72,5,15,6,16,12,18
2,36,11,49,15,19,15,35,44,24,12,8,70,5,17,7,13,12,16
2,27,2,33,8,17,8,26,24,11,6,7,77,10,17,6,15,13,16
2,28,7,32,11,12,9,22,32,18,7,7,75,6,19,9,15,12,14
2,27,1,35,9,14,12,34,36,19,9,8,58,4,14,7,11,10,12
2,25,4,36,9,16,11,27,34,19,7,8,86,9,20,9,17,12,19
2,32,8,42,7,20,15,18,42,27,10,5,116,16,25,10,22,17,26
2,32,1,33,6,15,12,7,29,18,5,6,44,7,8,3,9,7,10
2,33,1,40,10,18,12,21,37,25,8,4,78,6,13,4,17,15,23
2,27,3,39,10,17,12,24,40,20,10,10,79,9,18,6,16,13,17
2,29,1,16,8,5,3,19,47,30,8,9,81,14,14,6,17,10,20
1,33,10,20,7,7,6,13,54,32,10,12,80,5,18,10,20,10,17
2,,1,39,10,17,12,24,38,25,7,6,66,7,13,5,14,11,16
2,25,3,36,8,16,12,22,31,16,8,7,100,9,22,9,22,15,23
2,22,0,36,9,19,8,20,31,13,9,9,78,8,18,4,16,13,19
2,26,2,38,10,16,12,26,31,16,8,7,77,11,17,5,16,12,16
2,40,8,32,6,16,10,21,36,20,8,8,66,7,13,5,15,9,17
2,29,7,24,14,7,3,21,41,27,7,7,100,7,21,10,22,15,25
2,35,11,40,12,16,12,28,46,28,10,8,59,6,9,5,13,12,14
2,36,7,44,12,18,14,29,52,26,14,12,93,5,26,9,20,14,19
2,41,11,39,10,17,12,15,37,23,6,8,52,7,13,5,9,10,8
2,22,2,36,10,14,12,9,34,19,9,6,78,6,21,5,18,11,17
1,34,5,37,10,15,12,20,33,18,10,5,56,8,10,5,12,8,13
2,23,1,41,6,20,15,34,39,22,8,9,95,13,26,7,20,10,19
2,25,1,44,9,20,15,35,50,30,9,11,100,16,25,6,20,9,24
2,32,11,38,11,12,15,35,43,28,8,7,72,6,14,8,16,12,16
2,26,4,40,11,17,12,26,36,19,9,8,68,7,16,5,13,12,15
2,22,1,40,10,18,12,29,43,23,12,8,84,10,20,10,14,14,16
2,34,3,41,10,16,15,25,42,21,13,8,65,9,11,5,13,12,15
2,30,3,42,12,16,14,17,40,22,11,7,42,5,9,4,7,11,6
2,32,7,35,5,15,15,10,22,9,5,8,92,12,22,6,20,13,19
2,33,12,38,7,16,15,23,40,24,8,8,91,9,26,8,20,15,13
2,23,1,40,10,19,11,26,38,26,6,6,72,6,23,9,14,10,10
2,24,3,41,6,20,15,21,30,19,3,8,39,2,9,3,7,12,6
2,26,1,35,10,15,10,19,18,14,1,3,58,4,10,5,11,11,17
2,30,3,34,11,12,11,21,37,21,8,8,77,11,19,5,14,11,17
2,29,3,36,5,18,13,25,37,22,8,7,87,6,25,9,16,11,20
2,36,2,32,11,11,10,11,37,18,9,10,73,5,21,5,16,9,17
2,30,4,35,10,15,10,28,39,23,8,8,81,9,20,8,16,12,16
2,22,1,40,7,18,15,24,29,16,7,6,45,7,5,6,8,11,8
2,33,8,34,3,16,15,15,41,26,7,8,67,13,11,8,10,9,16
2,28,3,41,12,17,12,21,43,26,9,8,65,7,17,6,17,9,9
2,36,5,35,4,17,14,28,50,30,12,8,65,4,17,6,15,10,13
2,39,8,42,9,19,14,19,34,22,6,6,61,6,16,4,13,11,11
2,30,12,38,13,12,13,16,44,26,9,9,69,10,13,5,15,9,17
2,27,3,39,11,16,12,26,31,16,8,7,78,7,17,6,17,12,19
2,32,7,37,10,15,12,21,31,20,7,4,53,12,9,5,8,8,11
2,45,17,39,11,18,10,21,46,29,9,8,68,10,13,6,12,13,14
2,26,3,39,8,18,13,17,23,13,3,7,58,7,11,5,13,9,13
2,25,5,47,14,19,14,27,30,19,5,6,79,10,14,7,19,10,19
2,26,6,43,10,19,14,26,26,10,8,8,74,6,16,6,18,14,14
2,30,1,36,9,15,12,18,44,25,8,11,86,5,21,8,20,12,20
2,27,7,50,15,20,15,35,45,32,3,10,71,5,22,11,9,13,11
2,40,20,46,13,18,15,30,46,26,11,9,76,7,18,7,17,11,16
2,30,1,44,11,18,15,24,38,19,11,8,66,10,11,5,11,13,16
2,32,2,38,6,19,13,32,46,27,10,9,79,10,19,6,16,13,15
2,24,4,38,11,16,11,21,36,20,9,7,78,5,23,7,16,13,14
2,43,7,42,10,18,14,28,47,29,9,9,67,5,16,6,13,11,16
2,23,1,43,12,17,14,27,39,22,9,8,92,9,23,7,18,14,21
2,53,33,44,13,19,12,33,50,26,14,10,76,5,22,6,21,10,12
2,33,5,39,12,15,12,21,36,20,8,8,67,7,14,5,14,11,16
2,22,0,38,9,19,10,23,29,12,9,8,83,9,20,4,17,14,19
2,25,3,37,6,18,13,21,34,17,8,9,60,6,15,5,11,12,11
2,28,1,47,14,20,13,27,45,26,9,10,79,13,15,7,13,13,18
2,37,10,41,12,16,13,26,47,26,12,9,77,7,16,9,16,12,17
2,49,13,42,9,18,15,33,38,22,9,7,78,11,16,6,14,13,18
2,30,7,40,10,17,13,26,33,21,5,7,87,7,16,9,18,14,23
2,36,15,40,8,20,12,35,34,26,5,3,82,2,16,7,21,12,24
2,25,6,49,14,20,15,35,53,30,13,10,77,3,21,9,18,11,15
2,28,1,32,6,17,9,26,47,26,10,11,71,5,16,7,16,12,15
2,39,2,43,8,20,15,32,56,32,14,10,103,7,24,8,22,17,25
2,24,4,31,8,14,9,21,36,19,9,8,71,7,15,6,13,11,19
2,25,1,39,12,15,12,28,44,28,6,10,69,10,15,6,12,10,16
2,27,5,44,14,18,12,27,53,28,13,12,86,5,23,10,19,13,16
2,32,1,50,15,20,15,35,44,23,10,11,70,5,13,8,9,12,23
2,35,15,46,11,20,15,35,52,32,10,10,92,5,25,8,20,13,21
2,32,6,35,7,18,10,22,33,18,6,9,44,6,8,5,6,13,6
2,30,9,38,8,17,13,21,37,23,8,6,83,14,17,6,14,13,19
2,25,3,37,9,17,11,27,39,21,8,10,77,6,17,8,17,13,16
2,44,12,41,9,17,15,22,45,30,8,7,91,12,17,6,20,16,20
2,26,1,38,6,19,13,27,45,29,7,9,62,5,13,5,15,10,14
2,27,3,40,8,17,15,35,39,22,10,7,76,9,17,6,13,12,19
2,46,24,43,10,18,15,33,43,26,11,6,72,7,21,5,13,14,12
2,50,20,44,13,17,14,33,47,27,10,10,75,5,21,6,19,12,12
2,41,3,50,15,20,15,35,47,29,10,8,90,3,22,9,21,15,20
2,35,2,48,13,20,15,35,49,30,11,8,89,3,23,9,19,15,20
2,24,4,30,9,12,9,21,32,16,8,8,78,10,19,6,15,13,15
2,31,1,43,9,20,14,35,36,22,7,7,69,10,14,5,13,10,17
2,47,25,42,11,18,13,28,40,23,8,9,51,5,8,5,11,11,11
2,26,2,38,6,19,13,22,42,23,11,8,76,5,16,8,17,12,18
2,35,4,38,8,17,13,22,51,30,12,9,74,8,17,6,18,11,14
2,30,5,30,9,12,9,21,55,31,17,7,71,14,11,4,11,8,23
2,25,1,40,6,20,14,20,46,32,6,8,93,7,20,8,18,14,26
2,25,2,45,10,20,15,35,34,25,5,4,88,5,21,7,19,13,23
2,38,10,34,3,16,15,22,40,27,6,7,60,5,12,4,18,10,11
2,24,4,37,10,16,11,28,39,27,5,7,68,6,15,5,15,13,14
